NUMLS;SOB;TARTO;SUMTO;SUMTO_check;PROBLEM_FLAG
40069830;32.1;34.54;1108.73;1108.73;0
40069838;50.8;34.54;1754.63;1754.63;0
40069899;57.7;34.54;1992.96;1992.96;0
40068267;59.9;44.79;2682.92;2682.92;0
40020625;44.4;34.54;1533.58;1533.58;0
40069991;46.6;44.79;2087.21;2087.21;0
40069443;61.2;44.79;2741.15;2741.15;0
40069914;49.0;34.54;1692.46;1692.46;0
40068331;30.4;34.54;1050.02;1050.02;0
40069611;68.7;44.79;3077.07;3077.07;0
40069665;37.1;44.79;1661.71;1661.71;0
40068628;35.7;29.99;1070.64;1070.64;0
40010621;47.4;44.79;2123.05;2123.05;0
40010682;68.3;44.79;3059.16;3059.16;0
40020606;88.9;34.54;3070.61;3070.61;0
40069098;47.9;34.54;1654.47;1654.47;0
40036863;69.5;44.79;3112.91;3112.91;0
40068624;37.4;29.99;1121.63;1121.63;0
40069565;67.7;44.79;3032.28;3032.28;0
40020616;48.9;34.54;1689.01;1689.01;0
40036854;52.6;44.79;2355.95;2355.95;0
40020545;57.5;34.54;1986.05;1986.05;0
40069033;48.3;34.54;1668.28;1668.28;0
40068768;40.6;34.54;1402.32;1402.32;0
40069392;48.9;44.79;2190.23;2190.23;0
40013295;53.4;34.54;1844.44;1844.44;0
40068217;28.9;34.54;998.21;998.21;0
40068276;61.1;44.79;2736.67;2736.67;0
40068369;40.3;34.54;1391.96;1391.96;0
40068970;30.2;34.54;1043.11;1043.11;0
40069386;48.4;44.79;2167.84;2167.84;0
40069761;37.7;44.79;1688.58;1688.58;0
40069735;52.7;44.79;2360.43;2360.43;0
40068966;61.5;34.54;2124.21;2124.21;0
40070034;59.0;44.79;2642.61;2642.61;0
40068687;30.3;34.54;1046.56;1046.56;0
40069551;51.2;44.79;2293.25;2293.25;0
40020513;51.3;34.54;1771.9;1771.9;0
40068326;47.6;44.79;2132.0;2132.0;0
40069813;57.1;34.54;1972.23;1972.23;0
40020502;41.6;34.54;1436.86;1436.86;0
40069102;32.5;34.54;1122.55;1122.55;0
40069214;57.9;34.54;1999.87;1999.87;0
40069634;69.1;44.79;3094.99;3094.99;0
40069924;49.3;34.54;1702.82;1702.82;0
40068691;30.3;34.54;1046.56;1046.56;0
40069969;49.0;34.54;1692.46;1692.46;0
40020617;51.8;34.54;1789.17;1789.17;0
40068740;43.4;34.54;1499.04;1499.04;0
40069479;48.5;44.79;2172.32;2172.32;0
40036771;43.0;34.54;1485.22;1485.22;0
40010507;68.7;44.79;3077.07;3077.07;0
40069073;57.9;34.54;1999.87;1999.87;0
40069059;31.9;34.54;1101.83;1101.83;0
40069410;60.0;44.79;2687.4;2687.4;0
40068696;40.2;34.54;1388.51;1388.51;0
40068351;40.4;34.54;1395.42;1395.42;0
40069760;67.7;44.79;3032.28;3032.28;0
40069224;48.9;34.54;1689.01;1689.01;0
40069878;60.7;34.54;2096.58;2096.58;0
40010544;59.7;44.79;2673.96;2673.96;0
40068952;30.2;34.54;1043.11;1043.11;0
40070466;59.3;34.54;2048.22;2048.22;0
40068772;30.9;34.54;1067.29;1067.29;0
40069437;47.7;44.79;2136.48;2136.48;0
40068574;40.0;34.54;1381.6;1381.6;0
40020610;25.3;34.54;873.86;873.86;0
40068828;60.1;34.54;2075.85;2075.85;0
40070027;60.1;44.79;2691.88;2691.88;0
40069133;57.2;34.54;1975.69;1975.69;0
40068555;40.0;34.54;1381.6;1381.6;0
40069074;32.2;34.54;1112.19;1112.19;0
40068354;31.0;34.54;1070.74;1070.74;0
40070476;44.7;34.54;1543.94;1543.94;0
40068263;50.5;44.79;2261.9;2261.9;0
40069754;37.7;44.79;1688.58;1688.58;0
40069157;33.0;34.54;1139.82;1139.82;0
40069690;69.2;44.79;3099.47;3099.47;0
40036790;61.1;44.79;2736.67;2736.67;0
40069469;60.1;44.79;2691.88;2691.88;0
40068709;44.2;34.54;1526.67;1526.67;0
40068973;29.9;34.54;1032.75;1032.75;0
40068724;45.1;34.54;1557.75;1557.75;0
40068756;41.0;34.54;1416.14;1416.14;0
40068373;40.3;34.54;1391.96;1391.96;0
40068377;40.5;34.54;1398.87;1398.87;0
40068379;31.1;34.54;1074.19;1074.19;0
40069020;38.7;34.54;1336.7;1336.7;0
40069744;68.5;44.79;3068.12;3068.12;0
40070596;16.5;44.79;739.04;739.04;0
40010608;32.6;44.79;1460.15;1460.15;0
40010649;32.6;44.79;1460.15;1460.15;0
40068141;80.3;30.86;2478.06;2478.06;0
40036827;39.9;34.54;1378.15;1378.15;0
40070557;93.2;33.67;3138.04;3138.04;0
40013305;68.3;34.54;2359.08;2359.08;0
40069407;60.5;44.79;2709.8;2709.8;0
40038390;44.3;34.54;1530.12;1530.12;0
40010615;58.8;44.79;2633.65;2633.65;0
40069586;67.0;44.79;3000.93;3000.93;0
40036852;52.5;44.79;2351.48;2351.48;0
40069065;58.1;34.54;2006.77;2006.77;0
40069591;67.8;44.79;3036.76;3036.76;0
40068179;30.4;34.54;1050.02;1050.02;0
40069892;49.8;34.54;1720.09;1720.09;0
40036797;50.7;34.54;1751.18;1751.18;0
40068753;45.7;34.54;1578.48;1578.48;0
40070022;47.4;44.79;2123.05;2123.05;0
40070019;59.9;44.79;2682.92;2682.92;0
40070031;46.5;44.79;2082.74;2082.74;0
40067825;37.0;30.86;1141.82;1141.82;0
40010572;32.2;44.79;1442.24;1442.24;0
40068218;42.5;34.54;1467.95;1467.95;0
40023370;39.3;34.54;1357.42;1357.42;0
40010541;32.1;44.79;1437.76;1437.76;0
40069905;57.7;34.54;1992.96;1992.96;0
40068726;30.0;34.54;1036.2;1036.2;0
40068265;51.1;44.79;2288.77;2288.77;0
40069902;57.5;34.54;1986.05;1986.05;0
40068705;61.2;34.54;2113.85;2113.85;0
40069424;62.1;44.79;2781.46;2781.46;0
40067815;36.0;30.86;1110.96;1110.96;0
40068955;51.0;34.54;1761.54;1761.54;0
40010645;32.1;44.79;1437.76;1437.76;0
40036837;68.2;44.79;3054.68;3054.68;0
40069461;60.5;44.79;2709.8;2709.8;0
40068348;40.0;34.54;1381.6;1381.6;0
40068568;30.0;34.54;1036.2;1036.2;0
40068796;46.7;34.54;1613.02;1613.02;0
40068292;47.9;44.79;2145.44;2145.44;0
40069805;56.5;34.54;1951.51;1951.51;0
40069052;48.4;34.54;1671.74;1671.74;0
40069034;32.4;34.54;1119.1;1119.1;0
40068384;30.6;34.54;1056.92;1056.92;0
40069580;36.2;44.79;1621.4;1621.4;0
40068639;35.7;29.99;1070.64;1070.64;0
40070478;30.7;34.54;1060.38;1060.38;0
40068329;41.0;34.54;1416.14;1416.14;0
40068728;29.8;34.54;1029.29;1029.29;0
40069478;35.8;44.79;1603.48;1603.48;0
40068809;45.3;34.54;1564.66;1564.66;0
40069549;68.2;44.79;3054.68;3054.68;0
40069447;61.3;44.79;2745.63;2745.63;0
40069653;69.1;44.79;3094.99;3094.99;0
40070008;46.3;44.79;2073.78;2073.78;0
40069017;40.3;34.54;1391.96;1391.96;0
40069204;49.1;34.54;1695.91;1695.91;0
40020565;59.1;34.54;2041.31;2041.31;0
40010619;60.4;44.79;2705.32;2705.32;0
40069730;52.7;44.79;2360.43;2360.43;0
40069806;33.4;34.54;1153.64;1153.64;0
40068588;30.8;34.54;1063.83;1063.83;0
40069706;68.7;44.79;3077.07;3077.07;0
40068989;44.7;34.54;1543.94;1543.94;0
40069099;58.4;34.54;2017.14;2017.14;0
40036785;57.7;44.79;2584.38;2584.38;0
40069545;68.2;44.79;3054.68;3054.68;0
40010616;32.2;44.79;1442.24;1442.24;0
40069132;57.6;34.54;1989.5;1989.5;0
40069964;57.1;34.54;1972.23;1972.23;0
40023367;48.8;34.54;1685.55;1685.55;0
40010521;59.8;44.79;2678.44;2678.44;0
40069547;51.1;44.79;2288.77;2288.77;0
40069752;52.8;44.79;2364.91;2364.91;0
40020526;56.2;34.54;1941.15;1941.15;0
40070053;47.0;44.79;2105.13;2105.13;0
40069553;67.9;44.79;3041.24;3041.24;0
40069381;58.9;44.79;2638.13;2638.13;0
40010561;46.2;44.79;2069.3;2069.3;0
40023368;29.9;34.54;1032.75;1032.75;0
40068281;48.4;44.79;2167.84;2167.84;0
40068972;44.0;34.54;1519.76;1519.76;0
40068981;30.1;34.54;1039.65;1039.65;0
40068611;30.8;34.54;1063.83;1063.83;0
40068701;49.9;34.54;1723.55;1723.55;0
40067820;57.6;30.86;1777.54;1777.54;0
40068355;40.6;34.54;1402.32;1402.32;0
40068665;13.7;29.99;410.86;410.86;0
40068198;42.8;34.54;1478.31;1478.31;0
40069794;57.7;34.54;1992.96;1992.96;0
40070005;44.8;44.79;2006.59;2006.59;0
40068309;62.4;44.79;2794.9;2794.9;0
40013344;69.0;34.54;2383.26;2383.26;0
40069983;59.0;44.79;2642.61;2642.61;0
40070014;45.9;44.79;2055.86;2055.86;0
40010498;44.1;44.79;1975.24;1975.24;0
40010584;32.3;44.79;1446.72;1446.72;0
40069229;56.9;34.54;1965.33;1965.33;0
40069942;57.3;34.54;1979.14;1979.14;0
40068943;57.8;33.67;1946.13;1946.13;0
40013342;39.5;34.54;1364.33;1364.33;0
40036879;32.6;34.54;1126.0;1126.0;0
40068362;40.6;34.54;1402.32;1402.32;0
40069451;61.3;44.79;2745.63;2745.63;0
40069738;52.8;44.79;2364.91;2364.91;0
40070028;46.5;44.79;2082.74;2082.74;0
40069537;36.3;44.79;1625.88;1625.88;0
40069585;50.7;44.79;2270.85;2270.85;0
40010629;47.7;44.79;2136.48;2136.48;0
40068650;22.1;29.99;662.78;662.78;0
40069868;31.7;34.54;1094.92;1094.92;0
40068593;30.6;34.54;1056.92;1056.92;0
40068590;40.6;34.54;1402.32;1402.32;0
40023403;39.8;34.54;1374.69;1374.69;0
40069024;39.2;34.54;1353.97;1353.97;0
40069240;32.7;34.54;1129.46;1129.46;0
40070052;59.5;44.79;2665.01;2665.01;0
40068337;40.8;34.54;1409.23;1409.23;0
40068339;30.9;34.54;1067.29;1067.29;0
40068398;50.2;34.54;1733.91;1733.91;0
40069759;69.3;44.79;3103.95;3103.95;0
40069787;32.8;34.54;1132.91;1132.91;0
40069753;69.9;44.79;3130.82;3130.82;0
40010677;32.7;44.79;1464.63;1464.63;0
40069656;52.5;44.79;2351.48;2351.48;0
40069833;32.4;34.54;1119.1;1119.1;0
40069094;48.1;34.54;1661.37;1661.37;0
40069859;32.1;34.54;1108.73;1108.73;0
40069966;48.7;34.54;1682.1;1682.1;0
40069153;49.0;34.54;1692.46;1692.46;0
40010659;44.3;44.79;1984.2;1984.2;0
40068806;41.1;34.54;1419.59;1419.59;0
40068299;46.8;44.79;2096.17;2096.17;0
40069678;67.5;44.79;3023.33;3023.33;0
40010565;46.8;44.79;2096.17;2096.17;0
40070029;60.1;44.79;2691.88;2691.88;0
40010491;18.89;44.79;846.08;846.08;0
40070006;58.9;44.79;2638.13;2638.13;0
40070030;44.8;44.79;2006.59;2006.59;0
40069165;49.0;34.54;1692.46;1692.46;0
40036891;49.1;34.54;1695.91;1695.91;0
40070004;45.5;44.79;2037.95;2037.95;0
40070475;46.8;34.54;1616.47;1616.47;0
40068715;45.1;34.54;1557.75;1557.75;0
40069771;37.7;44.79;1688.58;1688.58;0
40010558;59.2;44.79;2651.57;2651.57;0
40036880;47.9;34.54;1654.47;1654.47;0
40020628;76.0;34.54;2625.04;2625.04;0
40068703;59.4;34.54;2051.68;2051.68;0
40070001;59.4;44.79;2660.53;2660.53;0
40068324;59.7;44.79;2673.96;2673.96;0
40069975;58.6;44.79;2624.69;2624.69;0
40068296;46.6;44.79;2087.21;2087.21;0
40013285;67.9;34.54;2345.27;2345.27;0
40069434;48.7;44.79;2181.27;2181.27;0
40069800;32.3;34.54;1115.64;1115.64;0
40069848;58.1;34.54;2006.77;2006.77;0
40010637;47.1;44.79;2109.61;2109.61;0
40020525;72.9;34.54;2517.97;2517.97;0
40068269;46.1;44.79;2064.82;2064.82;0
40069835;57.1;34.54;1972.23;1972.23;0
40013338;38.3;34.54;1322.88;1322.88;0
40069408;49.0;44.79;2194.71;2194.71;0
40020636;75.8;34.54;2618.13;2618.13;0
40068754;43.0;34.54;1485.22;1485.22;0
40069092;49.1;34.54;1695.91;1695.91;0
40069560;36.2;44.79;1621.4;1621.4;0
40069492;75.0;44.79;3359.25;3359.25;0
40068787;42.0;34.54;1450.68;1450.68;0
40069668;71.5;44.79;3202.49;3202.49;0
40068626;36.0;29.99;1079.64;1079.64;0
40036888;48.8;34.54;1685.55;1685.55;0
40068978;62.4;34.54;2155.3;2155.3;0
40070462;39.1;34.54;1350.51;1350.51;0
40070541;57.9;34.54;1999.87;1999.87;0
40069412;29.9;44.79;1339.22;1339.22;0
40069237;33.1;34.54;1143.27;1143.27;0
40068820;59.3;34.54;2048.22;2048.22;0
40020535;58.9;34.54;2034.41;2034.41;0
40069538;51.6;44.79;2311.16;2311.16;0
40069739;69.5;44.79;3112.91;3112.91;0
40010662;68.1;44.79;3050.2;3050.2;0
40036916;30.9;34.54;1067.29;1067.29;0
40068642;35.4;29.99;1061.65;1061.65;0
40070534;32.6;34.54;1126.0;1126.0;0
40020521;46.9;34.54;1619.93;1619.93;0
40068589;31.0;34.54;1070.74;1070.74;0
40010687;43.6;44.79;1952.84;1952.84;0
40069164;32.9;34.54;1136.37;1136.37;0
40070016;60.1;44.79;2691.88;2691.88;0
40010537;31.7;44.79;1419.84;1419.84;0
40069923;44.3;34.54;1530.12;1530.12;0
40069617;69.9;44.79;3130.82;3130.82;0
40069578;36.2;44.79;1621.4;1621.4;0
40068312;47.3;44.79;2118.57;2118.57;0
40020629;53.8;34.54;1858.25;1858.25;0
40068690;49.7;34.54;1716.64;1716.64;0
40069468;60.0;44.79;2687.4;2687.4;0
40069385;48.7;44.79;2181.27;2181.27;0
40013319;54.1;34.54;1868.61;1868.61;0
40069415;48.1;44.79;2154.4;2154.4;0
40010567;59.4;44.79;2660.53;2660.53;0
40013329;66.8;34.54;2307.27;2307.27;0
40069596;50.7;44.79;2270.85;2270.85;0
40069405;49.3;44.79;2208.15;2208.15;0
40069632;69.2;44.79;3099.47;3099.47;0
40020533;26.1;34.54;901.49;901.49;0
40010650;47.2;44.79;2114.09;2114.09;0
40068219;44.0;34.54;1519.76;1519.76;0
40068582;30.6;34.54;1056.92;1056.92;0
40010560;31.7;44.79;1419.84;1419.84;0
40070532;57.9;34.54;1999.87;1999.87;0
40069081;57.6;34.54;1989.5;1989.5;0
40010675;42.8;44.79;1917.01;1917.01;0
40020585;71.7;34.54;2476.52;2476.52;0
40069170;33.6;34.54;1160.54;1160.54;0
40013336;53.2;34.54;1837.53;1837.53;0
40023386;56.6;34.54;1954.96;1954.96;0
40068957;58.4;34.54;2017.14;2017.14;0
40069439;59.6;44.79;2669.48;2669.48;0
40069840;57.6;34.54;1989.5;1989.5;0
40036865;52.7;44.79;2360.43;2360.43;0
40069131;33.0;34.54;1139.82;1139.82;0
40069961;57.6;34.54;1989.5;1989.5;0
40069548;67.6;44.79;3027.8;3027.8;0
40068287;47.1;44.79;2109.61;2109.61;0
40069422;49.0;44.79;2194.71;2194.71;0
40069582;66.9;44.79;2996.45;2996.45;0
40068795;41.9;34.54;1447.23;1447.23;0
40069610;67.1;44.79;3005.41;3005.41;0
40069845;57.9;34.54;1999.87;1999.87;0
40069951;49.2;34.54;1699.37;1699.37;0
40070470;31.1;34.54;1074.19;1074.19;0
40069917;49.3;34.54;1702.82;1702.82;0
40070576;60.9;44.79;2727.71;2727.71;0
40036857;68.8;44.79;3081.55;3081.55;0
40069577;67.0;44.79;3000.93;3000.93;0
40010653;32.6;44.79;1460.15;1460.15;0
40069556;67.7;44.79;3032.28;3032.28;0
40036894;46.8;44.79;2096.17;2096.17;0
40069984;46.0;44.79;2060.34;2060.34;0
40069715;52.2;44.79;2338.04;2338.04;0
40068333;41.2;34.54;1423.05;1423.05;0
40070517;56.7;34.54;1958.42;1958.42;0
40010568;32.6;44.79;1460.15;1460.15;0
40010665;31.4;44.79;1406.41;1406.41;0
40069395;48.7;44.79;2181.27;2181.27;0
40069680;37.1;44.79;1661.71;1661.71;0
40020598;57.4;34.54;1982.6;1982.6;0
40010932;32.1;44.79;1437.76;1437.76;0
40069193;32.3;34.54;1115.64;1115.64;0
40068370;31.5;34.54;1088.01;1088.01;0
40069693;52.3;44.79;2342.52;2342.52;0
40069839;32.7;34.54;1129.46;1129.46;0
40069934;58.7;34.54;2027.5;2027.5;0
40036762;31.5;30.86;972.09;972.09;0
40013282;38.6;34.54;1333.24;1333.24;0
40068327;60.6;44.79;2714.27;2714.27;0
40068360;31.0;34.54;1070.74;1070.74;0
40069727;52.7;44.79;2360.43;2360.43;0
40069737;37.5;44.79;1679.63;1679.63;0
40070595;57.5;44.79;2575.43;2575.42;0
40069866;56.9;34.54;1965.33;1965.33;0
40068395;30.9;34.54;1067.29;1067.29;0
40069635;69.2;44.79;3099.47;3099.47;0
40068129;84.8;30.86;2616.93;2616.93;0
40020512;79.0;34.54;2728.66;2728.66;0
40023382;39.1;34.54;1350.51;1350.51;0
40068304;47.7;44.79;2136.48;2136.48;0
40070498;20.4;33.67;686.87;686.87;0
40036830;13.6;29.99;407.86;407.86;0
40068202;42.6;34.54;1471.4;1471.4;0
40069898;31.9;34.54;1101.83;1101.83;0
40069873;32.2;34.54;1112.19;1112.19;0
40010549;47.0;44.79;2105.13;2105.13;0
40069206;32.6;34.54;1126.0;1126.0;0
40069907;32.6;34.54;1126.0;1126.0;0
40010505;58.9;44.79;2638.13;2638.13;0
40069696;37.5;44.79;1679.63;1679.63;0
40068788;59.9;34.54;2068.95;2068.95;0
40069950;48.9;34.54;1689.01;1689.01;0
40068619;35.9;29.99;1076.64;1076.64;0
40068390;40.5;34.54;1398.87;1398.87;0
40070556;40.3;33.67;1356.9;1356.9;0
40069774;67.9;44.79;3041.24;3041.24;0
40069856;57.6;34.54;1989.5;1989.5;0
40068137;51.7;30.86;1595.46;1595.46;0
40070508;44.6;34.54;1540.48;1540.48;0
40069703;66.5;44.79;2978.54;2978.54;0
40013274;38.7;34.54;1336.7;1336.7;0
40013275;53.0;34.54;1830.62;1830.62;0
40069416;60.8;44.79;2723.23;2723.23;0
40069235;48.5;34.54;1675.19;1675.19;0
40069026;58.4;34.54;2017.14;2017.14;0
40069820;48.9;34.54;1689.01;1689.01;0
40068546;30.0;34.54;1036.2;1036.2;0
40010596;32.5;44.79;1455.68;1455.68;0
40023401;39.3;34.54;1357.42;1357.42;0
40069045;32.5;34.54;1122.55;1122.55;0
40068214;43.1;34.54;1488.67;1488.67;0
40020539;58.5;34.54;2020.59;2020.59;0
40068948;50.8;34.54;1754.63;1754.63;0
40068587;40.5;34.54;1398.87;1398.87;0
40069642;69.2;44.79;3099.47;3099.47;0
40010535;31.3;44.79;1401.93;1401.93;0
40069639;37.9;44.79;1697.54;1697.54;0
40068318;60.0;44.79;2687.4;2687.4;0
40068781;20.9;34.54;721.89;721.89;0
40069104;32.6;34.54;1126.0;1126.0;0
40069143;49.6;34.54;1713.18;1713.18;0
40069921;49.0;34.54;1692.46;1692.46;0
40068629;35.7;29.99;1070.64;1070.64;0
40070514;43.9;34.54;1516.31;1516.31;0
40070454;45.6;34.54;1575.02;1575.02;0
40068607;30.8;34.54;1063.83;1063.83;0
40068655;22.7;29.99;680.77;680.77;0
40068688;58.8;34.54;2030.95;2030.95;0
40068799;43.7;34.54;1509.4;1509.4;0
40069974;33.0;34.54;1139.82;1139.82;0
40070464;31.3;34.54;1081.1;1081.1;0
40070061;45.4;44.79;2033.47;2033.47;0
40068371;30.8;34.54;1063.83;1063.83;0
40069601;52.4;44.79;2347.0;2347.0;0
40036862;37.5;44.79;1679.63;1679.63;0
40069704;37.5;44.79;1679.63;1679.63;0
40069709;67.2;44.79;3009.89;3009.89;0
40069018;58.3;34.54;2013.68;2013.68;0
40069062;32.4;34.54;1119.1;1119.1;0
40069758;52.7;44.79;2360.43;2360.43;0
40069655;37.9;44.79;1697.54;1697.54;0
40068791;42.0;34.54;1450.68;1450.68;0
40069981;45.9;44.79;2055.86;2055.86;0
40020511;41.0;34.54;1416.14;1416.14;0
40013313;69.1;34.54;2386.71;2386.71;0
40010585;47.2;44.79;2114.09;2114.09;0
40010590;59.6;44.79;2669.48;2669.48;0
40068278;60.6;44.79;2714.27;2714.27;0
40069963;48.6;34.54;1678.64;1678.64;0
40010494;44.3;44.79;1984.2;1984.2;0
40010579;59.9;44.79;2682.92;2682.92;0
40068716;29.6;34.54;1022.38;1022.38;0
40036772;30.8;34.54;1063.83;1063.83;0
40069155;58.2;34.54;2010.23;2010.23;0
40069621;37.5;44.79;1679.63;1679.63;0
40010618;59.7;44.79;2673.96;2673.96;0
40036828;36.5;29.99;1094.64;1094.64;0
40068935;42.8;33.67;1441.08;1441.08;0
40020635;82.1;34.54;2835.73;2835.73;0
40068363;30.8;34.54;1063.83;1063.83;0
40069054;31.9;34.54;1101.83;1101.83;0
40069016;39.0;34.54;1347.06;1347.06;0
40069090;32.8;34.54;1132.91;1132.91;0
40069455;48.3;44.79;2163.36;2163.36;0
40010635;59.8;44.79;2678.44;2678.44;0
40010524;47.3;44.79;2118.57;2118.57;0
40069441;48.3;44.79;2163.36;2163.36;0
40069044;56.9;34.54;1965.33;1965.33;0
40069125;33.1;34.54;1143.27;1143.27;0
40068282;61.6;44.79;2759.06;2759.06;0
40069877;56.7;34.54;1958.42;1958.42;0
40068751;43.6;34.54;1505.94;1505.94;0
40069571;50.7;44.79;2270.85;2270.85;0
40020570;54.6;34.54;1885.88;1885.88;0
40020529;88.1;34.54;3042.97;3042.97;0
40069127;48.8;34.54;1685.55;1685.55;0
40070450;69.3;44.79;3103.95;3103.95;0
40069476;60.5;44.79;2709.8;2709.8;0
40010517;59.6;44.79;2669.48;2669.48;0
40010588;32.2;44.79;1442.24;1442.24;0
40036858;52.5;44.79;2351.48;2351.48;0
40010523;32.0;44.79;1433.28;1433.28;0
40010679;44.0;44.79;1970.76;1970.76;0
40020554;58.3;34.54;2013.68;2013.68;0
40069573;67.0;44.79;3000.93;3000.93;0
40068986;44.1;34.54;1523.21;1523.21;0
40069542;68.2;44.79;3054.68;3054.68;0
40020566;58.4;34.54;2017.14;2017.14;0
40068808;43.3;34.54;1495.58;1495.58;0
40069032;57.5;34.54;1986.05;1986.05;0
40069643;36.5;44.79;1634.84;1634.84;0
40069757;37.7;44.79;1688.58;1688.58;0
40020540;57.7;34.54;1992.96;1992.96;0
40069654;69.2;44.79;3099.47;3099.47;0
40069201;56.9;34.54;1965.33;1965.33;0
40070047;60.9;44.79;2727.71;2727.71;0
40070549;40.9;33.67;1377.1;1377.1;0
40070591;48.9;44.79;2190.23;2190.23;0
40070592;48.2;44.79;2158.88;2158.88;0
40070043;60.7;44.79;2718.75;2718.75;0
40020596;57.6;34.54;1989.5;1989.5;0
40069463;47.9;44.79;2145.44;2145.44;0
40068388;30.9;34.54;1067.29;1067.29;0
40068307;46.4;44.79;2078.26;2078.26;0
40068197;54.2;34.54;1872.07;1872.07;0
40068702;29.7;34.54;1025.84;1025.84;0
40069069;48.4;34.54;1671.74;1671.74;0
40069778;37.7;44.79;1688.58;1688.58;0
40069809;32.0;34.54;1105.28;1105.28;0
40010566;59.4;44.79;2660.53;2660.53;0
40068777;31.2;34.54;1077.65;1077.65;0
40069852;32.0;34.54;1105.28;1105.28;0
40010536;18.8;44.79;842.05;842.05;0
40069561;51.1;44.79;2288.77;2288.77;0
40069795;49.5;34.54;1709.73;1709.73;0
40070537;57.4;34.54;1982.6;1982.6;0
40036851;52.9;44.79;2369.39;2369.39;0
40070577;60.4;44.79;2705.32;2705.32;0
40069167;32.5;34.54;1122.55;1122.55;0
40036902;46.3;44.79;2073.78;2073.78;0
40069499;61.5;44.79;2754.59;2754.59;0
40068620;36.3;29.99;1088.64;1088.64;0
40069066;49.4;34.54;1706.28;1706.28;0
40070531;57.6;34.54;1989.5;1989.5;0
40010583;59.7;44.79;2673.96;2673.96;0
40036871;69.9;44.79;3130.82;3130.82;0
40036775;43.2;34.54;1492.13;1492.13;0
40069732;69.1;44.79;3094.99;3094.99;0
40069608;68.7;44.79;3077.07;3077.07;0
40068608;50.0;34.54;1727.0;1727.0;0
40070522;32.4;34.54;1119.1;1119.1;0
40013315;54.2;34.54;1872.07;1872.07;0
40068547;41.1;34.54;1419.59;1419.59;0
40020501;50.5;34.54;1744.27;1744.27;0
40068766;59.3;34.54;2048.22;2048.22;0
40069232;33.2;34.54;1146.73;1146.73;0
40068964;42.7;34.54;1474.86;1474.86;0
40069067;32.5;34.54;1122.55;1122.55;0
40010569;46.8;44.79;2096.17;2096.17;0
40069790;33.2;34.54;1146.73;1146.73;0
40069906;59.0;34.54;2037.86;2037.86;0
40069973;57.5;34.54;1986.05;1986.05;0
40069871;32.5;34.54;1122.55;1122.55;0
40069599;37.5;44.79;1679.63;1679.63;0
40069404;62.2;44.79;2785.94;2785.94;0
40069173;33.2;34.54;1146.73;1146.73;0
40069093;32.7;34.54;1129.46;1129.46;0
40020615;88.5;34.54;3056.79;3056.79;0
40069394;48.8;44.79;2185.75;2185.75;0
40068274;43.7;44.79;1957.32;1957.32;0
40068544;40.5;34.54;1398.87;1398.87;0
40068654;14.2;29.99;425.86;425.86;0
40068982;44.6;34.54;1540.48;1540.48;0
40069037;30.6;34.54;1056.92;1056.92;0
40069850;57.5;34.54;1986.05;1986.05;0
40010530;59.3;44.79;2656.05;2656.05;0
40013351;53.8;34.54;1858.25;1858.25;0
40023397;40.0;34.54;1381.6;1381.6;0
40010597;46.9;44.79;2100.65;2100.65;0
40070035;60.4;44.79;2705.32;2705.32;0
40068346;30.8;34.54;1063.83;1063.83;0
40068210;40.9;34.54;1412.69;1412.69;0
40010654;47.5;44.79;2127.53;2127.53;0
40010582;60.1;20.16;1211.62;1211.62;0
40013317;69.1;34.54;2386.71;2386.71;0
40069913;32.6;34.54;1126.0;1126.0;0
40010545;32.3;44.79;1446.72;1446.72;0
40020640;53.0;34.54;1830.62;1830.62;0
40069035;57.3;34.54;1979.14;1979.14;0
40069152;57.9;34.54;1999.87;1999.87;0
40069731;34.74;44.79;1556.14;1556.0;0
40068364;31.0;34.54;1070.74;1070.74;0
40069464;60.2;44.79;2696.36;2696.36;0
40069163;48.6;34.54;1678.64;1678.64;0
40069863;48.0;34.54;1657.92;1657.92;0
40068303;47.6;44.79;2132.0;2132.0;0
40070000;57.3;44.79;2566.47;2566.47;0
40068561;30.4;34.54;1050.02;1050.02;0
40069500;74.0;44.79;3314.46;3314.46;0
40069705;52.2;44.79;2338.04;2338.04;0
40020506;42.0;34.54;1450.68;1450.68;0
40069995;45.6;44.79;2042.42;2042.42;0
40010570;59.3;44.79;2656.05;2656.05;0
40069388;48.5;44.79;2172.32;2172.32;0
40070042;46.8;44.79;2096.17;2096.17;0
40036846;36.2;44.79;1621.4;1621.4;0
40068353;31.0;34.54;1070.74;1070.74;0
40023405;39.6;34.54;1367.78;1367.78;0
40039942;31.1;34.54;1074.19;1074.19;0
40069723;37.2;44.79;1666.19;1666.19;0
40068323;61.1;44.79;2736.67;2736.67;0
40069574;36.3;44.79;1625.88;1625.88;0
40069638;69.4;44.79;3108.43;3108.43;0
40070500;33.5;33.67;1127.95;1127.95;0
40020504;79.5;34.54;2745.93;2745.93;0
40013307;53.8;34.54;1858.25;1858.25;0
40023384;29.4;34.54;1015.48;1015.48;0
40068125;63.2;30.86;1950.35;1950.35;0
40068562;40.1;34.54;1385.05;1385.05;0
40020593;55.4;34.54;1913.52;1913.52;0
40069234;33.1;34.54;1143.27;1143.27;0
40069238;48.6;34.54;1678.64;1678.64;0
40013330;38.2;34.54;1319.43;1319.43;0
40013337;69.0;34.54;2383.26;2383.26;0
40010477;44.4;44.79;1988.68;1988.68;0
40013289;68.3;34.54;2359.08;2359.08;0
40068784;29.4;34.54;1015.48;1015.48;0
40070021;45.8;44.79;2051.38;2051.38;0
40068816;59.5;34.54;2055.13;2055.13;0
40068389;31.0;34.54;1070.74;1070.74;0
40068350;30.9;34.54;1067.29;1067.29;0
40069949;33.0;34.54;1139.82;1139.82;0
40068946;57.6;34.54;1989.5;1989.5;0
40069389;48.3;44.79;2163.36;2163.36;0
40068991;47.2;34.54;1630.29;1630.29;0
40069013;40.6;34.54;1402.32;1402.32;0
40010564;32.1;44.79;1437.76;1437.76;0
40013334;39.4;34.54;1360.88;1360.88;0
40068285;61.6;44.79;2759.06;2759.06;0
40010543;59.2;44.79;2651.57;2651.57;0
40068573;30.3;34.54;1046.56;1046.56;0
40068601;30.5;34.54;1053.47;1053.47;0
40068997;46.4;34.54;1602.66;1602.66;0
40069036;48.4;34.54;1671.74;1671.74;0
40013293;68.2;34.54;2355.63;2355.63;0
40069096;58.1;34.54;2006.77;2006.77;0
40069957;57.1;34.54;1972.23;1972.23;0
40068710;29.6;34.54;1022.38;1022.38;0
40070474;44.5;34.54;1537.03;1537.03;0
40070520;49.1;34.54;1695.91;1695.91;0
40020542;73.5;34.54;2538.69;2538.69;0
40070025;46.2;44.79;2069.3;2069.3;0
40070533;57.4;34.54;1982.6;1982.6;0
40023373;56.4;34.54;1948.06;1948.06;0
40036848;69.0;44.79;3090.51;3090.51;0
40069486;35.5;44.79;1590.05;1590.05;0
40069673;51.3;44.79;2297.73;2297.73;0
40069202;57.2;34.54;1975.69;1975.69;0
40068286;60.7;44.79;2718.75;2718.75;0
40069909;57.9;34.54;1999.87;1999.87;0
40020614;77.2;34.54;2666.49;2666.49;0
40010630;59.6;44.79;2669.48;2669.48;0
40068666;36.0;29.99;1079.64;1079.64;0
40068181;44.2;34.54;1526.67;1526.67;0
40070011;46.0;44.79;2060.34;2060.34;0
40069662;69.1;44.79;3094.99;3094.99;0
40070593;61.2;44.79;2741.15;2741.15;0
40069487;48.0;44.79;2149.92;2149.92;0
40068319;47.0;44.79;2105.13;2105.13;0
40013343;54.2;34.54;1872.07;1872.07;0
40068322;47.3;44.79;2118.57;2118.57;0
40068797;44.3;34.54;1530.12;1530.12;0
40069575;50.6;44.79;2266.37;2266.37;0
40069022;58.5;34.54;2020.59;2020.59;0
40069554;36.6;44.79;1639.31;1639.31;0
40013340;69.0;34.54;2383.26;2383.26;0
40068308;47.7;44.79;2136.48;2136.48;0
40069801;49.4;34.54;1706.28;1706.28;0
40069719;68.8;44.79;3081.55;3081.55;0
40020563;59.6;34.54;2058.58;2058.58;0
40068330;40.3;34.54;1391.96;1391.96;0
40068610;30.7;34.54;1060.38;1060.38;0
40069777;67.3;44.79;3014.37;3014.37;0
40068591;30.5;34.54;1053.47;1053.47;0
40020499;80.2;34.54;2770.11;2770.11;0
40067824;56.4;30.86;1740.5;1740.5;0
40069064;32.9;34.54;1136.37;1136.37;0
40069200;48.2;34.54;1664.83;1664.83;0
40010511;31.8;44.79;1424.32;1424.32;0
40070033;61.0;44.79;2732.19;2732.19;0
40023977;40.2;34.54;1388.51;1388.51;0
89595831;40.7;34.54;1405.78;1405.78;0
89965213;46.9;44.79;2100.65;2100.65;0
90147213;56.5;34.54;1951.51;1951.51;0
90185976;32.3;30.86;996.78;996.78;0
90218525;59.4;44.79;2660.53;2660.53;0
90265720;60.0;44.79;2687.4;2687.4;0
90645600;26.7;33.67;898.99;898.99;0
90658582;17.4;44.79;779.35;779.35;0
91070489;72.2;34.54;2493.79;2493.79;0
91112500;27.96;44.79;1252.33;1252.33;0
91112508;13.98;44.79;626.16;626.16;0
91112523;13.98;44.79;626.16;626.16;0
91197582;51.9;34.54;1792.63;1792.63;0
91273027;16.08;30.86;496.23;496.23;0
91273029;16.08;30.86;496.23;496.23;0
91273031;16.08;30.86;496.23;496.23;0
91278562;49.11;44.79;2199.64;2199.64;0
91329504;45.0;44.79;2015.55;2015.55;0
91349617;17.38;44.79;778.23;778.45;0
91509019;11.5;34.54;397.21;397.21;0
91637507;30.45;34.54;0.0;1051.74;1
40069154;33.0;34.54;1139.82;1139.82;0
40069796;43.8;34.54;1512.85;1512.85;0
40068315;47.5;44.79;2127.53;2127.53;0
40069888;49.3;34.54;1702.82;1702.82;0
40069943;33.1;34.54;1143.27;1143.27;0
40069172;57.6;34.54;1989.5;1989.5;0
40068205;44.1;34.54;1523.21;1523.21;0
40069002;44.3;34.54;1530.12;1530.12;0
40069682;69.2;44.79;3099.47;3099.47;0
40069636;37.9;44.79;1697.54;1697.54;0
40068365;39.8;34.54;1374.69;1374.69;0
40010599;58.3;44.79;2611.26;2611.26;0
40036853;69.2;44.79;3099.47;3099.47;0
40013292;67.7;34.54;2338.36;2338.36;0
40068822;31.1;34.54;1074.19;1074.19;0
40020621;49.3;34.54;1702.82;1702.82;0
40069563;68.4;44.79;3063.64;3063.64;0
40069051;31.8;34.54;1098.37;1098.37;0
40010522;59.4;44.79;2660.53;2660.53;0
40069618;68.7;44.79;3077.07;3077.07;0
40069841;32.2;34.54;1112.19;1112.19;0
40036864;52.6;44.79;2355.95;2355.95;0
40020574;56.2;34.54;1941.15;1941.15;0
40020626;37.9;34.54;1309.07;1309.07;0
40020576;63.9;34.54;2207.11;2207.11;0
40069427;59.9;44.79;2682.92;2682.92;0
40069402;48.9;44.79;2190.23;2190.23;0
40068648;36.5;29.99;1094.64;1094.64;0
40013311;53.8;34.54;1858.25;1858.25;0
40068731;47.0;34.54;1623.38;1623.38;0
40069994;47.1;44.79;2109.61;2109.61;0
40069624;67.4;44.79;3018.85;3018.85;0
40069156;49.2;34.54;1699.37;1699.37;0
40069885;32.6;34.54;1126.0;1126.0;0
40010604;32.3;44.79;1446.72;1446.72;0
40013286;38.6;34.54;1333.24;1333.24;0
40010660;59.7;44.79;2673.96;2673.96;0
40020587;63.7;34.54;2200.2;2200.2;0
40036763;19.8;30.86;611.03;611.03;0
40068693;49.4;34.54;1706.28;1706.28;0
40069956;33.0;34.54;1139.82;1139.82;0
40070502;50.6;34.54;1747.72;1747.72;0
40069792;49.0;34.54;1692.46;1692.46;0
40068180;41.1;34.54;1419.59;1419.59;0
40070473;44.5;34.54;1537.03;1537.03;0
40068825;30.6;34.54;1056.92;1056.92;0
40020608;52.6;34.54;1816.8;1816.8;0
40020503;40.2;34.54;1388.51;1388.51;0
40068616;61.76;30.86;1905.91;1905.91;0
40069227;49.1;34.54;1695.91;1695.91;0
40069207;49.0;34.54;1692.46;1692.46;0
40069495;61.4;44.79;2750.11;2750.11;0
40069742;51.5;44.79;2306.69;2306.69;0
40010510;59.2;44.79;2651.57;2651.57;0
40036895;60.2;44.79;2696.36;2696.36;0
40036786;46.6;44.79;2087.21;2087.21;0
40068599;41.2;34.54;1423.05;1423.05;0
40070037;58.3;44.79;2611.26;2611.26;0
40010580;32.2;44.79;1442.24;1442.24;0
40068356;30.9;34.54;1067.29;1067.29;0
40068386;50.3;34.54;1737.36;1737.36;0
40069911;49.0;34.54;1692.46;1692.46;0
40070499;75.6;33.67;2545.45;2545.45;0
40020555;71.9;34.54;2483.43;2483.43;0
40068190;44.5;34.54;1537.03;1537.03;0
40068783;31.0;34.54;1070.74;1070.74;0
40069667;69.2;44.79;3099.47;3099.47;0
40069707;37.5;44.79;1679.63;1679.63;0
40036861;68.8;44.79;3081.55;3081.55;0
40069483;48.0;44.79;2149.92;2149.92;0
40010606;60.1;44.79;2691.88;2691.88;0
40069552;67.8;44.79;3036.76;3036.76;0
40070064;45.4;44.79;2033.47;2033.47;0
40069168;48.9;34.54;1689.01;1689.01;0
40036844;67.0;44.79;3000.93;3000.93;0
40010625;47.3;44.79;2118.57;2118.57;0
40069459;48.7;44.79;2181.27;2181.27;0
40070505;44.2;34.54;1526.67;1526.67;0
40069458;48.2;44.79;2158.88;2158.88;0
40069040;32.9;34.54;1136.37;1136.37;0
40070054;45.9;44.79;2055.86;2055.86;0
40070069;59.6;44.79;2669.48;2669.48;0
40020518;50.8;34.54;1754.63;1754.63;0
40010627;60.0;44.79;2687.4;2687.4;0
40010497;59.4;44.79;2660.53;2660.53;0
40010489;59.0;44.79;2642.61;2642.61;0
40069606;52.9;44.79;2369.39;2369.39;0
40068634;36.4;29.99;1091.64;1091.64;0
40010628;32.4;44.79;1451.2;1451.2;0
40068391;30.8;34.54;1063.83;1063.83;0
40070548;54.1;33.67;1821.55;1821.55;0
40068752;44.6;34.54;1540.48;1540.48;0
40068721;30.6;34.54;1056.92;1056.92;0
40069138;48.5;34.54;1675.19;1675.19;0
40069857;32.5;34.54;1122.55;1122.55;0
40070456;61.9;34.54;2138.03;2138.03;0
40010512;47.4;44.79;2123.05;2123.05;0
40069772;52.7;44.79;2360.43;2360.43;0
40068801;30.6;34.54;1056.92;1056.92;0
40069750;68.3;44.79;3059.16;3059.16;0
40020562;56.5;34.54;1951.51;1951.51;0
40010556;59.4;44.79;2660.53;2660.53;0
40069085;57.9;34.54;1999.87;1999.87;0
40069106;32.6;34.54;1126.0;1126.0;0
40020531;55.5;34.54;1916.97;1916.97;0
40069228;32.2;34.54;1112.19;1112.19;0
40069239;58.7;34.54;2027.5;2027.5;0
40069625;37.5;44.79;1679.63;1679.63;0
40036838;50.9;44.79;2279.81;2279.81;0
40069982;58.3;44.79;2611.26;2611.26;0
40069789;48.9;34.54;1689.01;1689.01;0
40068826;30.8;34.54;1063.83;1063.83;0
40069870;48.9;34.54;1689.01;1689.01;0
40020595;72.7;34.54;2511.06;2511.06;0
40068999;46.6;34.54;1609.56;1609.56;0
40010479;49.0;44.79;2194.71;2194.71;0
40036831;36.9;29.99;1106.63;1106.63;0
40069023;40.8;34.54;1409.23;1409.23;0
40068790;44.7;34.54;1543.94;1543.94;0
40069057;48.1;34.54;1661.37;1661.37;0
40023398;56.3;34.54;1944.6;1944.6;0
40069900;49.2;34.54;1699.37;1699.37;0
40070046;45.8;44.79;2051.38;2051.38;0
40010672;59.8;44.79;2678.44;2678.44;0
40020547;58.5;34.54;2020.59;2020.59;0
40036794;31.0;34.54;1070.74;1070.74;0
40069150;48.6;34.54;1678.64;1678.64;0
40069189;48.7;34.54;1682.1;1682.1;0
40069628;69.7;44.79;3121.86;3121.86;0
40068944;40.7;34.54;1405.78;1405.78;0
40010493;58.9;44.79;2638.13;2638.13;0
40068819;31.0;34.54;1070.74;1070.74;0
40069602;37.5;44.79;1679.63;1679.63;0
40010632;32.5;44.79;1455.68;1455.68;0
40069620;67.1;44.79;3005.41;3005.41;0
40069844;32.5;34.54;1122.55;1122.55;0
40069862;32.4;34.54;1119.1;1119.1;0
40070580;60.5;44.79;2709.8;2709.8;0
40069767;37.7;44.79;1688.58;1688.58;0
40010500;47.8;44.79;2140.96;2140.96;0
40069700;36.4;44.79;1630.36;1630.36;0
40068734;46.4;34.54;1602.66;1602.66;0
40069765;52.7;44.79;2360.43;2360.43;0
40069829;57.7;34.54;1992.96;1992.96;0
40069814;49.2;34.54;1699.37;1699.37;0
40070026;62.1;44.79;2781.46;2781.46;0
40068543;40.5;34.54;1398.87;1398.87;0
40069784;32.9;34.54;1136.37;1136.37;0
40068272;62.0;44.79;2776.98;2776.98;0
40068349;30.8;34.54;1063.83;1063.83;0
40070067;45.6;44.79;2042.42;2042.42;0
40068936;47.6;33.67;1602.69;1602.69;0
40069205;57.9;34.54;1999.87;1999.87;0
40068651;36.0;29.99;1079.64;1079.64;0
40068186;30.8;34.54;1063.83;1063.83;0
40068552;40.4;34.54;1395.42;1395.42;0
40068960;57.8;34.54;1996.41;1996.41;0
40010656;59.5;44.79;2665.01;2665.01;0
40010513;59.8;44.79;2678.44;2678.44;0
40068649;36.1;29.99;1082.64;1082.64;0
40068720;62.3;34.54;2151.84;2151.84;0
40069465;60.9;44.79;2727.71;2727.71;0
40069733;37.3;44.79;1670.67;1670.67;0
40069225;32.2;34.54;1112.19;1112.19;0
40070516;56.6;34.54;1954.96;1954.96;0
40068204;54.4;34.54;1878.98;1878.98;0
40069915;57.4;34.54;1982.6;1982.6;0
40068713;30.1;34.54;1039.65;1039.65;0
40069449;48.0;44.79;2149.92;2149.92;0
40069043;56.7;34.54;1958.42;1958.42;0
40068609;40.5;34.54;1398.87;1398.87;0
40069600;52.7;44.79;2360.43;2360.43;0
40020505;50.8;34.54;1754.63;1754.63;0
40069579;67.1;44.79;3005.41;3005.41;0
40010474;69.5;44.79;3112.91;3112.91;0
40010486;44.6;44.79;1997.63;1997.63;0
40010678;68.5;44.79;3068.12;3068.12;0
40013312;68.3;34.54;2359.08;2359.08;0
40068575;29.9;34.54;1032.75;1032.75;0
40068667;36.8;29.99;1103.63;1103.63;0
40010664;59.8;44.79;2678.44;2678.44;0
40069776;69.4;44.79;3108.43;3108.43;0
40068961;44.4;34.54;1533.58;1533.58;0
40010481;44.4;44.79;1988.68;1988.68;0
40013349;67.5;34.54;2331.45;2331.45;0
40069588;36.1;44.79;1616.92;1616.92;0
40069818;32.7;34.54;1129.46;1129.46;0
40068585;30.3;34.54;1046.56;1046.56;0
40068764;39.1;34.54;1350.51;1350.51;0
40069925;32.9;34.54;1136.37;1136.37;0
40013279;53.0;34.54;1830.62;1830.62;0
40020564;73.1;34.54;2524.87;2524.87;0
40069675;68.8;44.79;3081.55;3081.55;0
40068207;44.3;34.54;1530.12;1530.12;0
40013324;68.9;34.54;2379.81;2379.81;0
40069920;48.4;34.54;1671.74;1671.74;0
40068967;46.7;34.54;1613.02;1613.02;0
40069198;32.3;34.54;1115.64;1115.64;0
40068600;30.3;34.54;1046.56;1046.56;0
40010581;47.0;44.79;2105.13;2105.13;0
40069890;32.5;34.54;1122.55;1122.55;0
40070441;69.5;44.79;3112.91;3112.91;0
40010589;47.2;44.79;2114.09;2114.09;0
40068134;96.8;30.86;2987.25;2987.25;0
40068718;61.6;34.54;2127.66;2127.66;0
40069071;58.1;34.54;2006.77;2006.77;0
40068725;61.7;34.54;2131.12;2131.12;0
40068302;59.8;44.79;2678.44;2678.44;0
40020639;76.2;34.54;2631.95;2631.95;0
40069460;60.1;44.79;2691.88;2691.88;0
40069485;75.1;44.79;3363.73;3363.73;0
40013326;38.9;34.54;1343.61;1343.61;0
40013287;53.9;34.54;1861.71;1861.71;0
40069028;40.0;34.54;1381.6;1381.6;0
40068613;39.9;34.54;1378.15;1378.15;0
40069988;44.7;44.79;2002.11;2002.11;0
40069557;68.2;44.79;3054.68;3054.68;0
40010647;59.2;44.79;2651.57;2651.57;0
40068560;29.9;34.54;1032.75;1032.75;0
40069161;58.1;34.54;2006.77;2006.77;0
40068747;46.7;34.54;1613.02;1613.02;0
40069008;44.2;34.54;1526.67;1526.67;0
40013296;52.3;34.54;1806.44;1806.44;0
40068335;30.9;34.54;1067.29;1067.29;0
40013303;53.8;34.54;1858.25;1858.25;0
40069894;57.8;34.54;1996.41;1996.41;0
40069985;44.3;44.79;1984.2;1984.2;0
40070469;59.5;34.54;2055.13;2055.13;0
40069623;68.9;44.79;3086.03;3086.03;0
40069384;59.1;44.79;2647.09;2647.09;0
40069990;58.3;44.79;2611.26;2611.26;0
40020618;75.0;34.54;2590.5;2590.5;0
40068942;31.5;33.67;1060.61;1060.61;0
40069755;52.7;44.79;2360.43;2360.43;0
40036826;49.9;34.54;1723.55;1723.55;0
40068729;44.4;34.54;1533.58;1533.58;0
40020622;52.2;34.54;1802.99;1802.99;0
40069429;48.7;44.79;2181.27;2181.27;0
40013306;38.8;34.54;1340.15;1340.15;0
40068576;29.8;34.54;1029.29;1029.29;0
40068320;48.5;44.79;2172.32;2172.32;0
40036758;80.6;30.86;2487.32;2487.32;0
40023404;37.8;34.54;1305.61;1305.61;0
40070044;59.1;44.79;2647.09;2647.09;0
40069203;32.6;34.54;1126.0;1126.0;0
40069854;32.4;34.54;1119.1;1119.1;0
40070467;31.0;34.54;1070.74;1070.74;0
40068584;30.9;34.54;1067.29;1067.29;0
40010669;32.2;44.79;1442.24;1442.24;0
40070045;46.3;44.79;2073.78;2073.78;0
40069076;32.1;34.54;1108.73;1108.73;0
40069452;60.4;44.79;2705.32;2705.32;0
40067816;57.0;30.86;1759.02;1759.02;0
40068127;24.94;30.86;769.65;769.65;0
40068128;30.1;30.86;928.89;928.89;0
40068126;30.96;30.86;955.43;955.43;0
40069692;37.5;44.79;1679.63;1679.63;0
40010651;59.7;44.79;2673.96;2673.96;0
40068556;40.6;34.54;1402.32;1402.32;0
40068758;57.7;34.54;1992.96;1992.96;0
40069149;57.8;34.54;1996.41;1996.41;0
40069217;49.0;34.54;1692.46;1692.46;0
40069399;48.7;44.79;2181.27;2181.27;0
40069762;52.7;44.79;2360.43;2360.43;0
40069786;48.8;34.54;1685.55;1685.55;0
40069162;32.6;34.54;1126.0;1126.0;0
40068744;46.3;34.54;1599.2;1599.2;0
40020572;26.1;34.54;901.49;901.49;0
40036886;49.2;34.54;1699.37;1699.37;0
40010623;59.4;44.79;2660.53;2660.53;0
40069821;32.8;34.54;1132.91;1132.91;0
40069720;37.5;44.79;1679.63;1679.63;0
40020599;73.1;34.54;2524.87;2524.87;0
40068305;60.2;44.79;2696.36;2696.36;0
40069875;48.7;34.54;1682.1;1682.1;0
40020592;57.2;34.54;1975.69;1975.69;0
40069137;33.0;34.54;1139.82;1139.82;0
40069160;33.0;34.54;1139.82;1139.82;0
40069194;57.1;34.54;1972.23;1972.23;0
40068602;50.4;34.54;1740.82;1740.82;0
40036881;47.8;34.54;1651.01;1651.01;0
40068567;30.3;34.54;1046.56;1046.56;0
40068934;45.5;33.67;1531.99;1531.99;0
40068631;35.8;29.99;1073.64;1073.64;0
40068193;54.0;34.54;1865.16;1865.16;0
40010601;47.3;44.79;2118.57;2118.57;0
40068130;79.2;30.86;2444.11;2444.11;0
40068385;30.4;34.54;1050.02;1050.02;0
40069126;57.2;34.54;1975.69;1975.69;0
40069220;32.5;34.54;1122.55;1122.55;0
40069651;37.9;44.79;1697.54;1697.54;0
40069803;31.9;34.54;1101.83;1101.83;0
40069630;52.0;44.79;2329.08;2329.08;0
40069980;46.1;44.79;2064.82;2064.82;0
40068288;48.2;44.79;2158.88;2158.88;0
40068971;61.8;34.54;2134.57;2134.57;0
40070524;32.9;34.54;1136.37;1136.37;0
40068812;47.2;34.54;1630.29;1630.29;0
40069047;57.1;34.54;1972.23;1972.23;0
40070039;47.1;44.79;2109.61;2109.61;0
40020601;56.5;34.54;1951.51;1951.51;0
40010646;47.6;44.79;2132.0;2132.0;0
40069070;32.6;34.54;1126.0;1126.0;0
40070540;48.8;34.54;1685.55;1685.55;0
40013348;67.9;34.54;2345.27;2345.27;0
40036856;68.8;44.79;3081.55;3081.55;0
40069712;52.2;44.79;2338.04;2338.04;0
40068209;30.8;34.54;1063.83;1063.83;0
40036869;13.98;44.79;626.16;626.16;0
40069006;44.1;34.54;1523.21;1523.21;0
40069158;57.9;34.54;1999.87;1999.87;0
40068396;30.6;34.54;1056.92;1056.92;0
40069780;48.8;34.54;1685.55;1685.55;0
40069946;32.6;34.54;1126.0;1126.0;0
40070020;60.6;44.79;2714.27;2714.27;0
40036796;40.4;34.54;1395.42;1395.42;0
40069746;52.7;44.79;2360.43;2360.43;0
40020630;84.1;34.54;2904.81;2904.81;0
40069822;57.5;34.54;1986.05;1986.05;0
40069807;48.5;34.54;1675.19;1675.19;0
40068194;44.3;34.54;1530.12;1530.12;0
40069021;40.2;34.54;1388.51;1388.51;0
40069501;35.5;44.79;1590.05;1590.05;0
40069097;32.2;34.54;1112.19;1112.19;0
40069147;48.7;34.54;1682.1;1682.1;0
40068578;40.2;34.54;1388.51;1388.51;0
40010605;47.4;44.79;2123.05;2123.05;0
40010652;62.4;44.79;2794.9;2794.9;0
40069498;47.7;44.79;2136.48;2136.48;0
40068998;43.5;34.54;1502.49;1502.49;0
40013325;69.1;34.54;2386.71;2386.71;0
40068814;31.0;34.54;1070.74;1070.74;0
40069397;61.9;44.79;2772.5;2772.5;0
40010626;59.7;44.79;2673.96;2673.96;0
40036860;68.8;44.79;3081.55;3081.55;0
40013294;38.7;34.54;1336.7;1336.7;0
40020549;58.7;34.54;2027.5;2027.5;0
40069221;48.9;34.54;1689.01;1689.01;0
40068306;59.4;44.79;2660.53;2660.53;0
40069216;48.3;34.54;1668.28;1668.28;0
40068969;61.6;34.54;2127.66;2127.66;0
40020567;59.1;34.54;2041.31;2041.31;0
40069420;62.0;44.79;2776.98;2776.98;0
40069543;36.0;44.79;1612.44;1612.44;0
40069965;32.8;34.54;1132.91;1132.91;0
40069594;67.0;44.79;3000.93;3000.93;0
40068644;36.3;29.99;1088.64;1088.64;0
40068742;44.8;34.54;1547.39;1547.39;0
40068279;61.0;44.79;2732.19;2732.19;0
40070018;46.2;44.79;2069.3;2069.3;0
40068596;30.3;34.54;1046.56;1046.56;0
40010528;32.2;44.79;1442.24;1442.24;0
40010593;46.9;44.79;2100.65;2100.65;0
40010532;32.2;44.79;1442.24;1442.24;0
40068380;30.7;34.54;1060.38;1060.38;0
40036867;36.9;44.79;1652.75;1652.75;0
40070056;59.9;44.79;2682.92;2682.92;0
40036899;46.8;44.79;2096.17;2096.17;0
40069453;60.4;44.79;2705.32;2705.32;0
40069056;32.3;34.54;1115.64;1115.64;0
40068361;30.8;34.54;1063.83;1063.83;0
40069998;46.5;44.79;2082.74;2082.74;0
40013335;54.2;34.54;1872.07;1872.07;0
40069933;33.6;34.54;1160.54;1160.54;0
40069050;56.7;34.54;1958.42;1958.42;0
40013347;54.2;34.54;1872.07;1872.07;0
40069030;48.3;34.54;1668.28;1668.28;0
40069648;52.5;44.79;2351.48;2351.48;0
40068974;29.8;34.54;1029.29;1029.29;0
40068182;42.3;34.54;1461.04;1461.04;0
40069470;48.0;44.79;2149.92;2149.92;0
40013341;68.3;34.54;2359.08;2359.08;0
40069945;57.9;34.54;1999.87;1999.87;0
40069015;40.7;34.54;1405.78;1405.78;0
40010681;32.6;44.79;1460.15;1460.15;0
40069084;49.2;34.54;1699.37;1699.37;0
40069595;67.0;44.79;3000.93;3000.93;0
40020597;56.9;34.54;1965.33;1965.33;0
40036901;48.6;44.79;2176.79;2176.79;0
40010670;68.3;44.79;3059.16;3059.16;0
40010658;66.3;44.79;2969.58;2969.58;0
40069669;38.6;44.79;1728.89;1728.89;0
40068347;30.5;34.54;1053.47;1053.47;0
40070578;60.4;44.79;2705.32;2705.32;0
40070527;47.3;34.54;1633.74;1633.74;0
40069713;68.7;44.79;3077.07;3077.07;0
40023377;56.4;34.54;1948.06;1948.06;0
40069430;59.8;44.79;2678.44;2678.44;0
40069799;57.9;34.54;1999.87;1999.87;0
40020559;59.0;34.54;2037.86;2037.86;0
40036823;40.0;34.54;1381.6;1381.6;0
40068604;30.7;34.54;1060.38;1060.38;0
40068824;59.1;34.54;2041.31;2041.31;0
40069616;51.5;44.79;2306.69;2306.69;0
40010638;59.5;44.79;2665.01;2665.01;0
40068652;36.1;29.99;1082.64;1082.64;0
40069215;32.6;34.54;1126.0;1126.0;0
40069494;47.3;44.79;2118.57;2118.57;0
40068554;40.6;34.54;1402.32;1402.32;0
40069068;58.1;34.54;2006.77;2006.77;0
40010475;47.2;44.79;2114.09;2114.09;0
40069972;48.3;34.54;1668.28;1668.28;0
40067817;75.9;30.86;2342.27;2342.27;0
40069842;57.9;34.54;1999.87;1999.87;0
40068275;60.1;44.79;2691.88;2691.88;0
40068817;30.4;34.54;1050.02;1050.02;0
40070032;58.6;44.79;2624.69;2624.69;0
40070551;43.6;33.67;1468.01;1468.01;0
40068770;39.2;34.54;1353.97;1353.97;0
40070023;63.3;44.79;2835.21;2835.21;0
40069387;60.8;44.79;2723.23;2723.23;0
40010520;46.5;44.79;2082.74;2082.74;0
40069661;67.0;44.79;3000.93;3000.93;0
40068397;30.7;34.54;1060.38;1060.38;0
40068220;31.0;34.54;1070.74;1070.74;0
40069947;49.3;34.54;1702.82;1702.82;0
40068748;44.3;34.54;1530.12;1530.12;0
40069393;60.8;44.79;2723.23;2723.23;0
40068551;40.1;34.54;1385.05;1385.05;0
40068810;41.8;34.54;1443.77;1443.77;0
40069504;46.7;44.79;2091.69;2091.69;0
40070457;44.2;34.54;1526.67;1526.67;0
40010492;47.3;44.79;2118.57;2118.57;0
40068132;31.7;30.86;978.26;978.26;0
40068694;30.2;34.54;1043.11;1043.11;0
40020557;58.4;34.54;2017.14;2017.14;0
40068185;43.0;34.54;1485.22;1485.22;0
40070013;60.3;44.79;2700.84;2700.84;0
40068564;30.2;34.54;1043.11;1043.11;0
40070539;57.6;34.54;1989.5;1989.5;0
40013281;67.9;34.54;2345.27;2345.27;0
40069505;60.9;44.79;2727.71;2727.71;0
40068661;36.2;29.99;1085.64;1085.64;0
40068662;7.24;29.99;217.13;217.13;0
40068344;40.9;34.54;1412.69;1412.69;0
40036822;30.5;34.54;1053.47;1053.47;0
40036792;40.2;34.54;1388.51;1388.51;0
40068387;41.1;34.54;1419.59;1419.59;0
40069489;75.2;44.79;3368.21;3368.21;0
40069728;68.2;44.79;3054.68;3054.68;0
40069903;49.1;34.54;1695.91;1695.91;0
40068803;45.1;34.54;1557.75;1557.75;0
40070560;53.7;33.67;1808.08;1808.08;0
40068293;47.1;44.79;2109.61;2109.61;0
40020641;82.1;34.54;2835.73;2835.73;0
40069955;57.0;34.54;1968.78;1968.78;0
40010518;59.0;44.79;2642.61;2642.61;0
40013345;69.0;34.54;2383.26;2383.26;0
40020594;57.2;34.54;1975.69;1975.69;0
40069398;48.9;44.79;2190.23;2190.23;0
40068606;30.6;34.54;1056.92;1056.92;0
40069725;69.0;44.79;3090.51;3090.51;0
40020516;74.8;34.54;2583.59;2583.59;0
40070444;59.6;44.79;2669.48;2669.48;0
40013276;52.8;34.54;1823.71;1823.71;0
40069721;52.1;44.79;2333.56;2333.56;0
40010640;58.7;44.79;2629.17;2629.17;0
40068290;60.2;44.79;2696.36;2696.36;0
40068291;5.47;44.79;245.0;245.0;0
40069954;33.0;34.54;1139.82;1139.82;0
40010552;32.2;44.79;1442.24;1442.24;0
40068823;31.3;34.54;1081.1;1081.1;0
40036839;67.7;44.79;3032.28;3032.28;0
40013288;68.1;34.54;2352.17;2352.17;0
40069119;48.0;34.54;1657.92;1657.92;0
40069659;38.0;44.79;1702.02;1702.02;0
40069895;32.2;34.54;1112.19;1112.19;0
40069763;69.3;44.79;3103.95;3103.95;0
40010557;46.8;44.79;2096.17;2096.17;0
40070443;59.4;44.79;2660.53;2660.53;0
40068792;42.1;34.54;1454.13;1454.13;0
40070062;59.8;44.79;2678.44;2678.44;0
40068393;50.8;34.54;1754.63;1754.63;0
40068789;46.8;34.54;1616.47;1616.47;0
40010495;68.2;44.79;3054.68;3054.68;0
40020522;55.1;34.54;1903.15;1903.15;0
40068199;42.6;34.54;1471.4;1471.4;0
40069124;57.0;34.54;1968.78;1968.78;0
40069783;49.0;34.54;1692.46;1692.46;0
40070452;40.3;34.54;1391.96;1391.96;0
40036889;57.7;34.54;1992.96;1992.96;0
40069481;74.8;44.79;3350.29;3350.29;0
40068294;60.0;44.79;2687.4;2687.4;0
40069567;51.2;44.79;2293.25;2293.25;0
40069663;52.8;44.79;2364.91;2364.91;0
40069930;32.4;34.54;1119.1;1119.1;0
40070055;60.0;44.79;2687.4;2687.4;0
40010540;60.1;44.79;2691.88;2691.88;0
40010555;59.1;44.79;2647.09;2647.09;0
40068289;62.0;44.79;2776.98;2776.98;0
40068743;44.6;34.54;1540.48;1540.48;0
40068733;44.5;34.54;1537.03;1537.03;0
40010559;59.5;44.79;2665.01;2665.01;0
40020600;56.3;34.54;1944.6;1944.6;0
40070463;57.8;34.54;1996.41;1996.41;0
40068368;31.2;34.54;1077.65;1077.65;0
40068940;26.2;33.67;882.15;882.15;0
40070555;53.3;33.67;1794.61;1794.61;0
40068992;45.6;34.54;1575.02;1575.02;0
40068569;30.3;34.54;1046.56;1046.56;0
40068358;40.5;34.54;1398.87;1398.87;0
40069011;41.1;34.54;1419.59;1419.59;0
40069019;40.7;34.54;1405.78;1405.78;0
40070511;46.1;34.54;1592.29;1592.29;0
40068352;31.0;34.54;1070.74;1070.74;0
40068984;44.2;34.54;1526.67;1526.67;0
40013318;39.0;34.54;1347.06;1347.06;0
40036784;46.0;44.79;2060.34;2060.34;0
40013302;38.8;34.54;1340.15;1340.15;0
40013304;68.3;34.54;2359.08;2359.08;0
40069953;57.5;34.54;1986.05;1986.05;0
40067822;36.8;30.86;1135.65;1135.65;0
40069027;41.2;34.54;1423.05;1423.05;0
40069141;50.3;34.54;1737.36;1737.36;0
40068663;35.6;29.99;1067.64;1067.64;0
40010663;44.4;44.79;1988.68;1988.68;0
40068976;30.2;34.54;1043.11;1043.11;0
40068954;40.4;34.54;1395.42;1395.42;0
40068617;35.0;29.99;1049.65;1049.65;0
40013320;68.8;34.54;2376.35;2376.35;0
40069539;68.2;44.79;3054.68;3054.68;0
40069785;57.8;34.54;1996.41;1996.41;0
40036898;46.5;44.79;2082.74;2082.74;0
40069195;48.4;34.54;1671.74;1671.74;0
40036843;50.7;44.79;2270.85;2270.85;0
40069941;49.4;34.54;1706.28;1706.28;0
40069100;32.4;34.54;1119.1;1119.1;0
40010577;46.9;44.79;2100.65;2100.65;0
40010612;32.4;44.79;1451.2;1451.2;0
40069773;68.2;44.79;3054.68;3054.68;0
40069128;33.1;34.54;1143.27;1143.27;0
40069060;58.1;34.54;2006.77;2006.77;0
40069107;48.4;34.54;1671.74;1671.74;0
40068284;48.2;44.79;2158.88;2158.88;0
40068595;30.7;34.54;1060.38;1060.38;0
40069218;58.0;34.54;2003.32;2003.32;0
40036890;33.0;34.54;1139.82;1139.82;0
40010551;59.5;44.79;2665.01;2665.01;0
40013301;68.3;34.54;2359.08;2359.08;0
40010668;59.5;44.79;2665.01;2665.01;0
40068136;52.0;30.86;1604.72;1604.72;0
40068941;55.7;33.67;1875.42;1875.42;0
40068950;40.9;34.54;1412.69;1412.69;0
40069087;32.7;34.54;1129.46;1129.46;0
40069089;48.5;34.54;1675.19;1675.19;0
40069209;32.8;34.54;1132.91;1132.91;0
40020634;53.5;34.54;1847.89;1847.89;0
40069431;48.7;44.79;2181.27;2181.27;0
40020498;50.6;34.54;1747.72;1747.72;0
40020527;25.6;34.54;884.22;884.22;0
40020580;72.1;34.54;2490.33;2490.33;0
40070468;31.0;34.54;1070.74;1070.74;0
40010624;32.5;44.79;1455.68;1455.68;0
40068187;42.1;34.54;1454.13;1454.13;0
40020609;51.5;34.54;1778.81;1778.81;0
40020552;60.1;34.54;2075.85;2075.85;0
40069769;69.1;44.79;3094.99;3094.99;0
40069382;48.6;44.79;2176.79;2176.79;0
40069391;48.1;44.79;2154.4;2154.4;0
40069223;57.7;34.54;1992.96;1992.96;0
40020530;73.6;34.54;2542.14;2542.14;0
40069937;32.8;34.54;1132.91;1132.91;0
40069861;60.6;34.54;2093.12;2093.12;0
40010592;32.2;44.79;1442.24;1442.24;0
40023375;48.7;34.54;1682.1;1682.1;0
40023376;29.7;34.54;1025.84;1025.84;0
40069212;32.2;34.54;1112.19;1112.19;0
40069423;48.7;44.79;2181.27;2181.27;0
40010482;68.3;44.79;3059.16;3059.16;0
40069042;32.6;34.54;1126.0;1126.0;0
40020553;58.5;34.54;2020.59;2020.59;0
40069867;48.5;34.54;1675.19;1675.19;0
40069901;32.5;34.54;1122.55;1122.55;0
40069977;45.2;44.79;2024.51;2024.51;0
40069979;59.7;44.79;2673.96;2673.96;0
40070472;45.0;34.54;1554.3;1554.3;0
40036900;44.1;44.79;1975.24;1975.24;0
40036841;67.7;44.79;3032.28;3032.28;0
40069400;62.4;44.79;2794.9;2794.9;0
40070579;61.7;44.79;2763.54;2763.54;0
40010657;32.7;44.79;1464.63;1464.63;0
40068196;43.0;34.54;1485.22;1485.22;0
40068559;40.0;34.54;1381.6;1381.6;0
40069419;52.6;44.79;2355.95;2355.95;0
40068191;43.1;34.54;1488.67;1488.67;0
40010676;59.2;44.79;2651.57;2651.57;0
40068580;40.2;34.54;1388.51;1388.51;0
40069834;49.2;34.54;1699.37;1699.37;0
40069075;58.0;34.54;2003.32;2003.32;0
40020612;48.9;34.54;1689.01;1689.01;0
40013333;69.0;34.54;2383.26;2383.26;0
40069908;48.4;34.54;1671.74;1671.74;0
40069743;69.5;44.79;3112.91;3112.91;0
40069467;47.1;44.79;2109.61;2109.61;0
40069832;57.0;34.54;1968.78;1968.78;0
40070538;32.9;34.54;1136.37;1136.37;0
40020605;56.6;34.54;1954.96;1954.96;0
40068988;47.4;34.54;1637.2;1637.2;0
40070550;53.8;33.67;1811.45;1811.45;0
40069959;49.2;34.54;1699.37;1699.37;0
40020528;25.5;34.54;880.77;880.77;0
40068719;44.9;34.54;1550.85;1550.85;0
40010591;57.3;44.79;2566.47;2566.47;0
40038401;40.7;34.54;1405.78;1405.78;0
40069230;57.7;34.54;1992.96;1992.96;0
40069641;69.2;44.79;3099.47;3099.47;0
40069932;49.0;34.54;1692.46;1692.46;0
40070050;45.4;44.79;2033.47;2033.47;0
40013328;68.0;34.54;2348.72;2348.72;0
40036787;47.4;44.79;2123.05;2123.05;0
40068314;59.2;44.79;2651.57;2651.57;0
40068124;85.4;30.86;2635.44;2635.44;0
40068359;31.1;34.54;1074.19;1074.19;0
40010480;59.6;44.79;2669.48;2669.48;0
40069222;32.5;34.54;1122.55;1122.55;0
40013323;53.4;34.54;1844.44;1844.44;0
40010636;32.5;44.79;1455.68;1455.68;0
40020603;73.2;34.54;2528.33;2528.33;0
40038389;30.2;34.54;1043.11;1043.11;0
40068762;59.0;34.54;2037.86;2037.86;0
40068980;61.8;34.54;2134.57;2134.57;0
40069918;58.2;34.54;2010.23;2010.23;0
40036788;61.8;44.79;2768.02;2768.02;0
40036824;30.3;34.54;1046.56;1046.56;0
40013339;54.2;34.54;1872.07;1872.07;0
40020583;56.8;34.54;1961.87;1961.87;0
40020534;85.6;34.54;2956.62;2956.62;0
40067813;20.83;30.86;642.81;642.81;0
40069689;52.0;44.79;2329.08;2329.08;0
40020623;76.1;34.54;1651.01;2628.49;1
40069701;52.2;44.79;2338.04;2338.04;0
40068374;30.9;34.54;1067.29;1067.29;0
40070586;62.5;44.79;2799.38;2799.38;0
40070509;44.7;34.54;1543.94;1543.94;0
40069681;52.5;44.79;2351.48;2351.48;0
40069587;22.0;44.79;985.38;985.38;0
40069603;52.9;44.79;2369.39;2369.39;0
40069872;57.6;34.54;1989.5;1989.5;0
40068643;35.5;29.99;1064.65;1064.65;0
40068745;44.6;34.54;1540.48;1540.48;0
40070059;60.1;44.79;2691.88;2691.88;0
40068594;40.3;34.54;1391.96;1391.96;0
40069826;57.5;34.54;1986.05;1986.05;0
40069592;36.5;44.79;1634.84;1634.84;0
40020541;58.8;34.54;2030.95;2030.95;0
40020577;63.4;34.54;2189.84;2189.84;0
40069199;57.1;34.54;1972.23;1972.23;0
40069992;58.3;44.79;2611.26;2611.26;0
40036921;21.1;30.86;651.15;651.15;0
40010514;59.3;44.79;2656.05;2656.05;0
40010674;68.4;44.79;3063.64;3063.64;0
40069435;60.5;44.79;2709.8;2709.8;0
40069684;51.7;44.79;2315.64;2315.64;0
40070048;60.3;44.79;2700.84;2700.84;0
40020611;88.9;34.54;3070.61;3070.61;0
40069005;43.8;34.54;1512.85;1512.85;0
40069889;57.4;34.54;1982.6;1982.6;0
40068722;61.8;34.54;2134.57;2134.57;0
40069191;57.5;34.54;1986.05;1986.05;0
40020607;50.3;34.54;1737.36;1737.36;0
40023366;39.7;34.54;1371.24;1371.24;0
40068183;30.9;34.54;1067.29;1067.29;0
40070041;59.0;44.79;2642.61;2642.61;0
40010614;59.8;44.79;2678.44;2678.44;0
40068636;36.3;29.99;1088.64;1088.64;0
40068706;45.1;34.54;1557.75;1557.75;0
40069968;32.9;34.54;1136.37;1136.37;0
40010488;46.8;44.79;2096.17;2096.17;0
40068641;36.2;29.99;1085.64;1085.64;0
40068627;35.3;29.99;1058.65;1058.65;0
40010483;46.8;44.79;2096.17;2096.17;0
40023374;39.2;34.54;1353.97;1353.97;0
40068325;47.7;44.79;2136.48;2136.48;0
40069418;49.3;44.79;2208.15;2208.15;0
40068334;40.6;34.54;1402.32;1402.32;0
40068965;30.0;34.54;1036.2;1036.2;0
40069734;69.6;44.79;3117.38;3117.38;0
40010673;32.0;44.79;1433.28;1433.28;0
40069664;68.8;44.79;3081.55;3081.55;0
40069192;48.7;34.54;1682.1;1682.1;0
40069484;60.3;44.79;2700.84;2700.84;0
40069614;69.9;44.79;3130.82;3130.82;0
40068956;29.9;34.54;1032.75;1032.75;0
40067826;76.6;30.86;2363.88;2363.88;0
40068605;30.7;34.54;1060.38;1060.38;0
40069058;49.2;34.54;1699.37;1699.37;0
40069236;58.1;34.54;2006.77;2006.77;0
40069926;58.0;34.54;2003.32;2003.32;0
40069046;48.1;34.54;1661.37;1661.37;0
40068311;46.5;44.79;2082.74;2082.74;0
40010548;77.6;44.79;3475.7;3475.7;0
40068963;61.5;34.54;2124.21;2124.21;0
40068563;30.2;34.54;1043.11;1043.11;0
40069916;32.5;34.54;1122.55;1122.55;0
40070501;75.9;33.67;2555.55;2555.55;0
40036791;48.1;44.79;2154.4;2154.4;0
40069881;57.3;34.54;1979.14;1979.14;0
40069432;60.6;44.79;2714.27;2714.27;0
40069593;48.1;44.79;2154.4;2154.4;0
40069607;69.8;44.79;3126.34;3126.34;0
40010600;32.2;44.79;1442.24;1442.24;0
40069171;48.5;34.54;1675.19;1675.19;0
40070554;41.1;33.67;1383.84;1383.84;0
40068270;34.8;44.79;1558.69;1558.69;0
40070040;46.7;44.79;2091.69;2091.69;0
40010547;58.8;44.79;2633.65;2633.65;0
40068579;30.4;34.54;1050.02;1050.02;0
40068746;44.5;34.54;1537.03;1537.03;0
40068962;29.1;34.54;1005.11;1005.11;0
40069858;57.5;34.54;1986.05;1986.05;0
40069048;31.9;34.54;1101.83;1101.83;0
40010609;44.9;44.79;2011.07;2011.07;0
40068717;60.4;34.54;2086.22;2086.22;0
40020515;41.6;34.54;1436.86;1436.86;0
40070070;68.8;44.79;3081.55;3081.55;0
40068780;30.6;34.54;1056.92;1056.92;0
40069782;57.6;34.54;1989.5;1989.5;0
40010603;59.0;44.79;2642.61;2642.61;0
40023389;39.5;34.54;1364.33;1364.33;0
40069450;60.0;44.79;2687.4;2687.4;0
40036840;51.1;44.79;2288.77;2288.77;0
40036866;69.1;44.79;3094.99;3094.99;0
40070015;47.2;44.79;2114.09;2114.09;0
40068953;58.1;34.54;2006.77;2006.77;0
40020514;41.7;34.54;1440.32;1440.32;0
40069781;31.9;34.54;1101.83;1101.83;0
40068692;57.8;34.54;1996.41;1996.41;0
40068739;43.8;34.54;1512.85;1512.85;0
40068342;31.0;34.54;1070.74;1070.74;0
40069716;67.9;44.79;3041.24;3041.24;0
40069952;32.7;34.54;1129.46;1129.46;0
40070460;46.8;34.54;1616.47;1616.47;0
40068664;22.3;29.99;668.78;668.78;0
40036789;60.3;44.79;2700.84;2700.84;0
40068298;62.1;44.79;2781.46;2781.46;0
40070065;60.0;44.79;2687.4;2687.4;0
40069702;68.7;44.79;3077.07;3077.07;0
40069140;33.0;34.54;1139.82;1139.82;0
40069456;59.1;44.79;2647.09;2647.09;0
40069072;32.7;34.54;1129.46;1129.46;0
40070588;48.7;44.79;2181.27;2181.27;0
40036821;40.3;34.54;1391.96;1391.96;0
40068760;39.4;34.54;1360.88;1360.88;0
40068815;30.7;34.54;1060.38;1060.38;0
40068979;31.1;34.54;1074.19;1074.19;0
40069409;47.2;44.79;2114.09;2114.09;0
40069473;74.6;44.79;3341.33;3341.33;0
40069637;52.5;44.79;2351.48;2351.48;0
40069879;32.7;34.54;1129.46;1129.46;0
40070589;48.3;44.79;2163.36;2163.36;0
40068938;42.6;33.67;1434.34;1434.34;0
40070535;32.3;34.54;1115.64;1115.64;0
40023399;39.8;34.54;1374.69;1374.69;0
40010631;60.0;44.79;2687.4;2687.4;0
40069810;57.4;34.54;1982.6;1982.6;0
40010575;59.4;44.79;2660.53;2660.53;0
40010611;58.7;44.79;2629.17;2629.17;0
40070503;58.5;34.54;2020.59;2020.59;0
40068949;30.3;34.54;1046.56;1046.56;0
40068968;30.2;34.54;1043.11;1043.11;0
40069010;59.1;34.54;2041.31;2041.31;0
40023392;38.0;34.54;1312.52;1312.52;0
40069874;56.6;34.54;1954.96;1954.96;0
40010527;59.3;44.79;2656.05;2656.05;0
40013308;68.3;34.54;2359.08;2359.08;0
40013346;39.5;34.54;1364.33;1364.33;0
40069644;52.5;44.79;2351.48;2351.48;0
40010529;46.7;44.79;2091.69;2091.69;0
40068657;36.3;29.99;1088.64;1088.64;0
40036896;45.1;44.79;2020.03;2020.03;0
40067814;26.78;30.86;826.43;826.43;0
40069038;56.6;34.54;1954.96;1954.96;0
40070024;45.7;44.79;2046.9;2046.9;0
40069564;51.1;44.79;2288.77;2288.77;0
40069569;67.0;44.79;3000.93;3000.93;0
40069121;57.1;34.54;1972.23;1972.23;0
40068763;41.1;34.54;1419.59;1419.59;0
40069471;47.8;44.79;2140.96;2140.96;0
40069827;32.9;34.54;1136.37;1136.37;0
40068811;30.5;34.54;1053.47;1053.47;0
40069472;59.9;44.79;2682.92;2682.92;0
40023393;38.8;34.54;1340.15;1340.15;0
40068704;29.8;34.54;1029.29;1029.29;0
40069764;69.9;44.79;3130.82;3130.82;0
40068297;52.0;44.79;2329.08;2329.08;0
40068203;42.9;34.54;1481.77;1481.77;0
40069144;57.4;34.54;1982.6;1982.6;0
40069699;68.6;44.79;3072.59;3072.59;0
40068340;40.7;34.54;1405.78;1405.78;0
40069568;51.3;44.79;2297.73;2297.73;0
40068736;44.7;34.54;1543.94;1543.94;0
40069766;69.9;44.79;3130.82;3130.82;0
40036847;68.7;44.79;3077.07;3077.07;0
40036770;44.8;34.54;1547.39;1547.39;0
40069768;52.6;44.79;2355.95;2355.95;0
40068653;36.2;29.99;1085.64;1085.64;0
40069798;49.5;34.54;1709.73;1709.73;0
40069139;57.1;34.54;1972.23;1972.23;0
40068635;36.1;29.99;1082.64;1082.64;0
40069120;32.5;34.54;1122.55;1122.55;0
40069811;49.0;34.54;1692.46;1692.46;0
40013298;38.5;34.54;1329.79;1329.79;0
40070471;44.6;34.54;1540.48;1540.48;0
40010607;58.2;44.79;2606.78;2606.78;0
40068632;36.4;29.99;1091.64;1091.64;0
40069940;32.7;34.54;1129.46;1129.46;0
40023371;48.7;34.54;1682.1;1682.1;0
40010539;58.4;44.79;2615.74;2615.74;0
40020619;89.7;34.54;3098.24;3098.24;0
40010634;59.6;44.79;2669.48;2669.48;0
40010478;68.1;44.79;3050.2;3050.2;0
40069884;57.2;34.54;1975.69;1975.69;0
40069597;67.0;44.79;3000.93;3000.93;0
40010622;59.8;44.79;2678.44;2678.44;0
40068805;45.3;34.54;1564.66;1564.66;0
40070442;37.5;44.79;1679.63;1679.63;0
40068937;45.8;33.67;1542.09;1542.09;0
40068695;58.4;34.54;2017.14;2017.14;0
40010683;43.9;44.79;1966.28;1966.28;0
40010576;32.2;44.79;1442.24;1442.24;0
40069502;47.8;44.79;2140.96;2140.96;0
40069722;68.7;44.79;3077.07;3077.07;0
40068707;30.2;34.54;1043.11;1043.11;0
40068550;40.3;34.54;1391.96;1391.96;0
40069775;37.6;44.79;1684.1;1684.1;0
40036820;39.7;34.54;1371.24;1371.24;0
40069190;32.8;34.54;1132.91;1132.91;0
40010519;32.0;44.79;1433.28;1433.28;0
40010613;47.7;44.79;2136.48;2136.48;0
40069550;36.0;44.79;1612.44;1612.44;0
40013297;68.3;34.54;2359.08;2359.08;0
40013350;39.5;34.54;1364.33;1364.33;0
40069633;38.0;44.79;1702.02;1702.02;0
40010690;68.0;44.79;3045.72;3045.72;0
40069101;57.6;34.54;1989.5;1989.5;0
40069583;67.0;44.79;3000.93;3000.93;0
40070477;59.1;34.54;2041.31;2041.31;0
40068987;44.2;34.54;1526.67;1526.67;0
40070525;48.8;34.54;1685.55;1685.55;0
40069647;37.9;44.79;1697.54;1697.54;0
40070455;44.5;34.54;1537.03;1537.03;0
40069976;45.1;44.79;2020.03;2020.03;0
40068612;50.2;34.54;1733.91;1733.91;0
40069442;59.7;44.79;2673.96;2673.96;0
40069869;56.7;34.54;1958.42;1958.42;0
40020569;54.9;34.54;1896.25;1896.25;0
40068755;58.8;34.54;2030.95;2030.95;0
40069142;32.8;34.54;1132.91;1132.91;0
40068830;31.5;34.54;1088.01;1088.01;0
40013278;38.6;34.54;1333.24;1333.24;0
40070552;74.5;33.67;2508.42;2508.42;0
40069631;53.8;44.79;2409.7;2409.7;0
40036825;30.7;34.54;1060.38;1060.38;0
40069718;68.7;44.79;3077.07;3077.07;0
40069503;35.9;44.79;1607.96;1607.96;0
40023395;39.8;34.54;1374.69;1374.69;0
40036793;31.5;34.54;1088.01;1088.01;0
40069729;37.5;44.79;1679.63;1679.63;0
40010642;47.0;44.79;2105.13;2105.13;0
40068603;40.2;34.54;1388.51;1388.51;0
40068714;62.2;34.54;2148.39;2148.39;0
40068732;44.3;34.54;1530.12;1530.12;0
40068804;45.0;34.54;1554.3;1554.3;0
40069748;69.1;44.79;3094.99;3094.99;0
40010542;47.2;44.79;2114.09;2114.09;0
40070009;57.9;44.79;2593.34;2593.34;0
40069197;48.0;34.54;1657.92;1657.92;0
40069496;75.1;44.79;3363.73;3363.73;0
40010516;47.5;44.79;2127.53;2127.53;0
40068786;31.2;34.54;1077.65;1077.65;0
40069612;39.0;44.79;1746.81;1746.81;0
40069211;57.6;34.54;1989.5;1989.5;0
40068212;41.6;34.54;1436.86;1436.86;0
40069865;32.3;34.54;1115.64;1115.64;0
40068381;40.6;34.54;1402.32;1402.32;0
40069671;68.8;44.79;3081.55;3081.55;0
40069897;49.7;34.54;1716.64;1716.64;0
40068782;48.45;34.54;1673.46;1673.46;0
40068264;46.5;44.79;2082.74;2082.74;0
40068802;43.5;34.54;1502.49;1502.49;0
40068689;40.3;34.54;1391.96;1391.96;0
40069987;44.8;44.79;2006.59;2006.59;0
40069544;67.7;44.79;3032.28;3032.28;0
40070440;51.1;44.79;2288.77;2288.77;0
40068994;44.5;34.54;1537.03;1537.03;0
40068659;22.0;29.99;659.78;659.78;0
40068660;14.2;29.99;425.86;425.86;0
40010587;59.0;44.79;2642.61;2642.61;0
40068831;31.1;34.54;1074.19;1074.19;0
40010573;47.1;44.79;2109.61;2109.61;0
40010666;68.2;44.79;3054.68;3054.68;0
40069825;48.6;34.54;1678.64;1678.64;0
40020544;59.0;34.54;2037.86;2037.86;0
40069078;57.9;34.54;1999.87;1999.87;0
40036773;43.9;34.54;1516.31;1516.31;0
40036875;57.6;34.54;1989.5;1989.5;0
40069605;37.5;44.79;1679.63;1679.63;0
40069904;32.9;34.54;1136.37;1136.37;0
40069629;37.6;44.79;1684.1;1684.1;0
40070536;32.0;34.54;1105.28;1105.28;0
40068827;30.9;34.54;1067.29;1067.29;0
40010499;68.2;44.79;3054.68;3054.68;0
40010610;59.5;44.79;2665.01;2665.01;0
40068597;30.8;34.54;1063.83;1063.83;0
40070590;30.3;44.79;1357.14;1357.14;0
40069007;46.9;34.54;1619.93;1619.93;0
40010546;47.1;44.79;2109.61;2109.61;0
40069390;61.9;44.79;2772.5;2772.5;0
40070515;44.1;34.54;1523.21;1523.21;0
40069091;58.5;34.54;2020.59;2020.59;0
40020582;62.7;34.54;2165.66;2165.66;0
40010534;59.3;44.79;2656.05;2656.05;0
40069482;34.9;44.79;1563.17;1563.17;0
40069123;33.0;34.54;1139.82;1139.82;0
40069122;47.9;34.54;1654.47;1654.47;0
40069433;59.3;44.79;2656.05;2656.05;0
40010602;60.1;44.79;2691.88;2691.88;0
40068192;42.2;34.54;1457.59;1457.59;0
40069674;69.3;44.79;3103.95;3103.95;0
40020543;58.2;34.54;2010.23;2010.23;0
40068122;62.5;30.86;1928.75;1928.75;0
40036920;57.8;34.54;1996.41;1996.41;0
40068581;31.1;34.54;1074.19;1074.19;0
40068376;31.1;34.54;1074.19;1074.19;0
40069808;49.1;34.54;1695.91;1695.91;0
40069383;30.5;44.79;1366.1;1366.1;0
40069944;49.3;34.54;1702.82;1702.82;0
40068216;41.7;34.54;1440.32;1440.32;0
40068266;47.1;44.79;2109.61;2109.61;0
40069677;52.5;44.79;2351.48;2351.48;0
40020546;71.4;34.54;2466.16;2466.16;0
40010578;59.9;44.79;2682.92;2682.92;0
40020581;63.4;34.54;2189.84;2189.84;0
40068800;45.5;34.54;1571.57;1571.57;0
40068821;30.7;34.54;1060.38;1060.38;0
40023396;37.9;34.54;1309.07;1309.07;0
40069421;61.8;44.79;2768.02;2768.02;0
40069756;69.4;44.79;3108.43;3108.43;0
40068730;44.7;34.54;1543.94;1543.94;0
40069166;57.7;34.54;1992.96;1992.96;0
40069708;51.3;44.79;2297.73;2297.73;0
40069860;48.0;34.54;1657.92;1657.92;0
40036904;59.9;44.79;2682.92;2682.92;0
40068779;3.85;34.54;132.98;132.98;0
40069745;37.4;44.79;1675.15;1675.15;0
40069688;37.1;44.79;1661.71;1661.71;0
40020631;75.7;34.54;2614.68;2614.68;0
40069589;50.7;44.79;2270.85;2270.85;0
40068184;42.2;34.54;1457.59;1457.59;0
40068750;47.8;34.54;1651.01;1651.01;0
40036884;49.4;34.54;1706.28;1706.28;0
40036845;45.0;44.79;2015.55;2015.55;0
40068738;46.0;34.54;1588.84;1588.84;0
40069882;32.3;34.54;1115.64;1115.64;0
40013331;53.6;34.54;1851.34;1851.34;0
40069815;32.5;34.54;1122.55;1122.55;0
40069457;61.7;44.79;2763.54;2763.54;0
40020524;87.7;34.54;3029.16;3029.16;0
40023372;29.7;34.54;1025.84;1025.84;0
40069438;48.3;44.79;2163.36;2163.36;0
40068139;62.7;30.86;1934.92;1934.92;0
40068142;62.4;30.86;1925.66;1925.66;0
40068133;79.8;30.86;2462.63;2462.63;0
40069958;32.9;34.54;1136.37;1136.37;0
40070068;44.8;44.79;2006.59;2006.59;0
40013291;53.2;34.54;1837.53;1837.53;0
40069672;37.1;44.79;1661.71;1661.71;0
40069851;56.8;34.54;1961.87;1961.87;0
40010680;59.7;44.79;2673.96;2673.96;0
40069088;58.6;34.54;2024.04;2024.04;0
40069788;57.1;34.54;1972.23;1972.23;0
40070087;50.4;44.79;2257.42;2257.42;0
40069448;48.8;44.79;2185.75;2185.75;0
40036903;46.5;44.79;2082.74;2082.74;0
40068996;41.2;34.54;1423.05;1423.05;0
40069931;58.0;34.54;2003.32;2003.32;0
40070504;30.1;34.54;1039.65;1039.65;0
40068138;28.9;30.86;891.85;891.85;0
40010550;59.2;44.79;2651.57;2651.57;0
40069466;48.5;44.79;2172.32;2172.32;0
40068697;49.4;34.54;1706.28;1706.28;0
40069541;51.1;44.79;2288.77;2288.77;0
40070010;59.4;44.79;2660.53;2660.53;0
40068761;40.7;34.54;1405.78;1405.78;0
40069812;32.6;34.54;1126.0;1126.0;0
40010506;45.1;44.79;2020.03;2020.03;0
40068565;31.0;34.54;1070.74;1070.74;0
40069948;30.45;34.54;1986.05;1051.74;1
40069480;61.6;44.79;2759.06;2759.06;0
40069740;69.1;44.79;3094.99;3094.99;0
40069919;33.5;34.54;1157.09;1157.09;0
40010531;59.4;44.79;2660.53;2660.53;0
40069540;36.0;44.79;1612.44;1612.44;0
40070461;44.3;34.54;1530.12;1530.12;0
40070007;59.5;44.79;2665.01;2665.01;0
40068977;44.5;34.54;1537.03;1537.03;0
40069695;68.8;44.79;3081.55;3081.55;0
40068215;44.2;34.54;1526.67;1526.67;0
40013332;67.2;34.54;2321.09;2321.09;0
40068548;39.9;34.54;1378.15;1378.15;0
40069226;57.1;34.54;1972.23;1972.23;0
40069145;32.1;34.54;1108.73;1108.73;0
40068583;30.7;34.54;1060.38;1060.38;0
40069747;69.5;44.79;3112.91;3112.91;0
40069041;48.1;34.54;1661.37;1661.37;0
40069135;48.3;34.54;1668.28;1668.28;0
40069749;52.7;44.79;2360.43;2360.43;0
40068571;30.1;34.54;1039.65;1039.65;0
40069691;68.9;44.79;3086.03;3086.03;0
40069989;57.8;44.79;2588.86;2588.86;0
40068188;44.0;34.54;1519.76;1519.76;0
40069061;49.2;34.54;1699.37;1699.37;0
40069558;36.0;44.79;1612.44;1612.44;0
40070523;58.4;34.54;2017.14;2017.14;0
40068633;35.9;29.99;1076.64;1076.64;0
40069581;50.7;44.79;2270.85;2270.85;0
40068798;41.9;34.54;1447.23;1447.23;0
40068778;31.4;34.54;1084.56;1084.56;0
40013316;52.9;34.54;1827.17;1827.17;0
40020532;26.1;34.54;901.49;901.49;0
40069590;67.0;44.79;3000.93;3000.93;0
40010686;68.1;44.79;3050.2;3050.2;0
40069063;48.7;34.54;1682.1;1682.1;0
40069598;68.7;44.79;3077.07;3077.07;0
40068990;44.2;34.54;1526.67;1526.67;0
40068757;39.1;34.54;1350.51;1350.51;0
40069086;48.7;34.54;1682.1;1682.1;0
40069159;50.6;34.54;1747.72;1747.72;0
40069679;68.8;44.79;3081.55;3081.55;0
40069454;49.1;44.79;2199.19;2199.19;0
40068399;40.5;34.54;1398.87;1398.87;0
40020602;56.7;34.54;1958.42;1958.42;0
40068818;31.0;34.54;1070.74;1070.74;0
40070512;44.2;34.54;1526.67;1526.67;0
40069962;33.1;34.54;1143.27;1143.27;0
40069490;34.7;44.79;1554.21;1554.21;0
40010689;32.5;44.79;1455.68;1455.68;0
40069031;32.7;34.54;1129.46;1129.46;0
40069414;48.1;44.79;2154.4;2154.4;0
40068345;40.4;34.54;1395.42;1395.42;0
40068737;43.8;34.54;1512.85;1512.85;0
40068211;44.3;34.54;1530.12;1530.12;0
40020510;41.3;34.54;1426.5;1426.5;0
40068208;42.1;34.54;1454.13;1454.13;0
40069613;52.9;44.79;2369.39;2369.39;0
40069717;52.2;44.79;2338.04;2338.04;0
40036868;67.4;44.79;3018.85;3018.85;0
40070521;49.7;34.54;1716.64;1716.64;0
40023383;48.8;34.54;1685.55;1685.55;0
40068630;34.9;29.99;1046.65;1046.65;0
40069971;33.2;34.54;1146.73;1146.73;0
40068189;41.7;34.54;1440.32;1440.32;0
40069129;57.4;34.54;1982.6;1982.6;0
40069828;50.1;34.54;1730.45;1730.45;0
40068698;29.8;34.54;1029.29;1029.29;0
40036795;50.5;34.54;1744.27;1744.27;0
40068592;30.7;34.54;1060.38;1060.38;0
40020548;59.9;34.54;2068.95;2068.95;0
40069622;52.9;44.79;2369.39;2369.39;0
40069174;47.0;34.54;1623.38;1623.38;0
40069853;56.6;34.54;1954.96;1954.96;0
40036874;52.7;44.79;2360.43;2360.43;0
40069025;41.1;34.54;1419.59;1419.59;0
40068295;47.3;44.79;2118.57;2118.57;0
40036877;48.5;34.54;1675.19;1675.19;0
40069817;49.1;34.54;1695.91;1695.91;0
40068394;30.6;34.54;1056.92;1056.92;0
40036873;52.7;44.79;2360.43;2360.43;0
40036897;58.9;44.79;2638.13;2638.13;0
40069231;48.5;34.54;1675.19;1675.19;0
40069927;48.8;34.54;1685.55;1685.55;0
40069928;32.7;34.54;1129.46;1129.46;0
40010538;46.1;44.79;2064.82;2064.82;0
40023381;56.4;34.54;1948.06;1948.06;0
40069736;69.5;44.79;3112.91;3112.91;0
40069837;48.5;34.54;1675.19;1675.19;0
40069686;37.1;44.79;1661.71;1661.71;0
40068771;40.5;34.54;1398.87;1398.87;0
40036882;48.2;34.54;1664.83;1664.83;0
40023400;37.7;34.54;1302.16;1302.16;0
40068328;40.8;34.54;1409.23;1409.23;0
40068622;18.6;29.99;557.81;557.81;0
40069009;44.2;34.54;1526.67;1526.67;0
40069095;58.3;34.54;2013.68;2013.68;0
40068545;40.0;34.54;1381.6;1381.6;0
40013280;68.1;34.54;2352.17;2352.17;0
40010485;59.0;44.79;2642.61;2642.61;0
40010633;47.1;44.79;2109.61;2109.61;0
40068378;30.7;34.54;1060.38;1060.38;0
40068686;49.3;34.54;1702.82;1702.82;0
40020573;71.1;34.54;2455.79;2455.79;0
40069003;44.1;34.54;1523.21;1523.21;0
40068741;46.7;34.54;1613.02;1613.02;0
40020571;30.6;34.54;1056.92;1056.92;0
40070510;30.1;34.54;1039.65;1039.65;0
40070506;61.6;34.54;2127.66;2127.66;0
40036918;30.3;34.54;1046.56;1046.56;0
40023378;39.3;34.54;1357.42;1357.42;0
40070513;43.8;34.54;1512.85;1512.85;0
40069055;48.4;34.54;1671.74;1671.74;0
40070553;72.7;33.67;2447.81;2447.81;0
40036850;37.5;44.79;1679.63;1679.63;0
40010501;59.9;44.79;2682.92;2682.92;0
40010684;59.6;44.79;2669.48;2669.48;0
40068621;33.1;29.99;992.67;992.67;0
40068623;37.4;29.99;1121.63;1121.63;0
40069849;48.9;34.54;1689.01;1689.01;0
40069685;67.8;44.79;3036.76;3036.76;0
40023394;56.6;34.54;1954.96;1954.96;0
40069847;32.3;34.54;1115.64;1115.64;0
40070465;30.8;34.54;1063.83;1063.83;0
40010496;47.5;44.79;2127.53;2127.53;0
40010671;44.4;44.79;1988.68;1988.68;0
40036859;68.8;44.79;3081.55;3081.55;0
40068618;35.9;29.99;1076.64;1076.64;0
40068985;44.5;34.54;1537.03;1537.03;0
40069012;39.3;34.54;1357.42;1357.42;0
40069970;57.2;34.54;1975.69;1975.69;0
40036798;41.0;34.54;1416.14;1416.14;0
40013352;67.1;34.54;2317.63;2317.63;0
40069130;47.5;34.54;1640.65;1640.65;0
40069477;74.5;44.79;3336.86;3336.86;0
40069978;48.2;44.79;2158.88;2158.88;0
40013299;53.8;34.54;1858.25;1858.25;0
40069413;62.1;44.79;2781.46;2781.46;0
40067821;55.9;30.86;1725.07;1725.07;0
40069836;32.3;34.54;1115.64;1115.64;0
40068939;26.2;33.67;882.15;882.15;0
40013310;38.8;34.54;1340.15;1340.15;0
40068317;60.9;44.79;2727.71;2727.71;0
40069710;71.6;44.79;3206.96;3206.96;0
40068794;44.2;34.54;1526.67;1526.67;0
40069880;48.4;34.54;1671.74;1671.74;0
40068640;35.6;29.99;1067.64;1067.64;0
40070530;48.4;34.54;1671.74;1671.74;0
40010594;60.1;44.79;2691.88;2691.88;0
40020538;74.1;34.54;2559.41;2559.41;0
40069014;58.6;34.54;2024.04;2024.04;0
40023385;56.2;34.54;1941.15;1941.15;0
40010515;31.8;44.79;1424.32;1424.32;0
40010533;47.5;44.79;2127.53;2127.53;0
40068321;60.7;44.79;2718.75;2718.75;0
40036883;32.7;34.54;1129.46;1129.46;0
40068553;30.3;34.54;1046.56;1046.56;0
40069751;37.4;44.79;1675.15;1675.15;0
40068645;13.8;29.99;413.86;413.86;0
40013314;39.2;34.54;1353.97;1353.97;0
40069497;35.0;44.79;1567.65;1567.65;0
40069724;53.1;44.79;2378.35;2378.35;0
40013327;53.6;34.54;1851.34;1851.34;0
40010685;32.3;44.79;1446.72;1446.72;0
40023391;39.3;34.54;1357.42;1357.42;0
40068723;30.5;34.54;1053.47;1053.47;0
40010509;59.9;44.79;2682.92;2682.92;0
40010574;59.1;44.79;2647.09;2647.09;0
40013284;68.1;34.54;2352.17;2352.17;0
40069396;60.7;44.79;2718.75;2718.75;0
40069939;57.5;34.54;1986.05;1986.05;0
40069997;59.0;44.79;2642.61;2642.61;0
40020556;57.6;34.54;1989.5;1989.5;0
40069572;67.0;44.79;3000.93;3000.93;0
40068577;30.7;34.54;1060.38;1060.38;0
40010648;60.4;44.79;2705.32;2705.32;0
40070518;58.3;34.54;2013.68;2013.68;0
40070012;49.4;44.79;2212.63;2212.63;0
40069475;30.2;44.79;1352.66;1352.66;0
40069711;37.5;44.79;1679.63;1679.63;0
40068338;40.4;34.54;1395.42;1395.42;0
40069105;58.3;34.54;2013.68;2013.68;0
40069649;69.1;44.79;3094.99;3094.99;0
40068598;49.9;34.54;1723.55;1723.55;0
40069053;56.5;34.54;1951.51;1951.51;0
40069436;59.7;44.79;2673.96;2673.96;0
40068807;46.8;34.54;1616.47;1616.47;0
40069726;37.5;44.79;1679.63;1679.63;0
40070057;47.4;44.79;2123.05;2123.05;0
40069401;48.7;44.79;2181.27;2181.27;0
40070526;48.9;34.54;1689.01;1689.01;0
40068213;30.2;34.54;1043.11;1043.11;0
40069660;52.5;44.79;2351.48;2351.48;0
40036849;68.7;44.79;3077.07;3077.07;0
40013309;68.3;34.54;2359.08;2359.08;0
40069823;57.7;34.54;1992.96;1992.96;0
40010641;32.5;44.79;1455.68;1455.68;0
40070051;60.4;44.79;2705.32;2705.32;0
40023388;37.9;34.54;1309.07;1309.07;0
40069791;58.2;34.54;2010.23;2010.23;0
40013321;69.1;34.54;2386.71;2386.71;0
40013277;67.9;34.54;2345.27;2345.27;0
40068975;61.8;34.54;2134.57;2134.57;0
40020507;40.6;34.54;1402.32;1402.32;0
40069896;57.8;34.54;1996.41;1996.41;0
40068341;41.8;34.54;1443.77;1443.77;0
40069004;46.5;34.54;1606.11;1606.11;0
40069816;57.6;34.54;1989.5;1989.5;0
40068316;47.5;44.79;2127.53;2127.53;0
40069559;68.2;44.79;3054.68;3054.68;0
40010643;59.6;44.79;2669.48;2669.48;0
40070063;46.3;44.79;2073.78;2073.78;0
40069403;61.0;44.79;2732.19;2732.19;0
40069824;32.4;34.54;1119.1;1119.1;0
40068131;23.6;30.86;728.3;728.3;0
40070507;61.8;34.54;2134.57;2134.57;0
40069938;49.2;34.54;1699.37;1699.37;0
40068995;46.9;34.54;1619.93;1619.93;0
40069445;48.3;44.79;2163.36;2163.36;0
40020509;51.0;34.54;1761.54;1761.54;0
40070017;45.7;44.79;2046.9;2046.9;0
40068647;35.8;29.99;1073.64;1073.64;0
40010692;44.3;44.79;1984.2;1984.2;0
40069996;57.6;44.79;2579.9;2579.9;0
40069831;48.5;34.54;1675.19;1675.19;0
40068765;40.1;34.54;1385.05;1385.05;0
40068958;40.4;34.54;1395.42;1395.42;0
40069446;60.6;44.79;2714.27;2714.27;0
40070071;37.7;44.79;1688.58;1688.58;0
40010595;58.1;44.79;2602.3;2602.3;0
40069219;48.4;34.54;1671.74;1671.74;0
40069646;69.2;44.79;3099.47;3099.47;0
40036870;53.3;44.79;2387.31;2387.31;0
40067823;54.7;30.86;1688.04;1688.04;0
40068749;43.6;34.54;1505.94;1505.94;0
40013273;67.7;34.54;2338.36;2338.36;0
40068625;35.7;29.99;1070.64;1070.64;0
40068310;60.6;44.79;2714.27;2714.27;0
40010620;32.4;44.79;1451.2;1451.2;0
40068301;62.7;44.79;2808.33;2808.33;0
40020519;86.1;34.54;2973.89;2973.89;0
40020520;28.2;34.54;974.03;974.03;0
40069444;55.1;44.79;2467.93;2467.93;0
40070561;41.2;33.67;1387.2;1387.2;0
40036760;48.25;30.86;1489.0;1489.0;0
40013322;39.0;34.54;1347.06;1347.06;0
40069080;49.2;34.54;1699.37;1699.37;0
40069960;57.3;34.54;1979.14;1979.14;0
40069640;52.5;44.79;2351.48;2351.48;0
40069876;31.8;34.54;1098.37;1098.37;0
40068382;30.9;34.54;1067.29;1067.29;0
40069576;67.0;44.79;3000.93;3000.93;0
40068813;30.3;34.54;1046.56;1046.56;0
40069411;49.7;44.79;2226.06;2226.06;0
40069793;32.6;34.54;1126.0;1126.0;0
40069912;58.0;34.54;2003.32;2003.32;0
40020568;72.5;34.54;2504.15;2504.15;0
40069082;32.4;34.54;1119.1;1119.1;0
40020517;53.4;34.54;1844.44;1844.44;0
40069196;57.7;34.54;1992.96;1992.96;0
40069846;48.9;34.54;1689.01;1689.01;0
40010476;60.1;44.79;2691.88;2691.88;0
40069208;57.5;34.54;1986.05;1986.05;0
40069714;37.3;44.79;1670.67;1670.67;0
40068570;39.4;34.54;1360.88;1360.88;0
40070584;60.0;44.79;2687.4;2687.4;0
40069426;49.3;44.79;2208.15;2208.15;0
40068735;44.0;34.54;1519.76;1519.76;0
40070459;46.6;34.54;1609.56;1609.56;0
40036855;69.2;44.79;3099.47;3099.47;0
40023402;56.9;34.54;1965.33;1965.33;0
40068271;75.4;44.79;3377.17;3377.17;0
40069619;67.4;44.79;3018.85;3018.85;0
40069650;69.2;44.79;3099.47;3099.47;0
40070066;59.5;44.79;2665.01;2665.01;0
40069887;57.7;34.54;1992.96;1992.96;0
40036842;36.0;44.79;1612.44;1612.44;0
40068983;61.5;34.54;2124.21;2124.21;0
40036892;45.7;44.79;2046.9;2046.9;0
40069103;58.4;34.54;2017.14;2017.14;0
40068951;51.6;34.54;1782.26;1782.26;0
40068375;30.8;34.54;1063.83;1063.83;0
40069029;40.2;34.54;1388.51;1388.51;0
40010526;14.6;44.79;653.93;653.93;0
40010525;44.8;44.79;2006.59;2006.59;0
40069645;69.4;44.79;3108.43;3108.43;0
40069493;35.8;44.79;1603.48;1603.48;0
40070453;40.5;34.54;1398.87;1398.87;0
40070049;46.2;44.79;2069.3;2069.3;0
40020561;57.8;34.54;1996.41;1996.41;0
40068200;53.8;34.54;1858.25;1858.25;0
40069491;47.9;44.79;2145.44;2145.44;0
40070587;60.5;44.79;2709.8;2709.8;0
40068656;36.9;29.99;1106.63;1106.63;0
40069169;57.5;34.54;1986.05;1986.05;0
40069666;52.5;44.79;2351.48;2351.48;0
40068558;40.4;34.54;1395.42;1395.42;0
40069083;48.8;34.54;1685.55;1685.55;0
40010598;59.8;44.79;2678.44;2678.44;0
40069462;48.1;44.79;2154.4;2154.4;0
40070594;61.0;44.79;2732.19;2732.19;0
40036887;48.8;34.54;1685.55;1685.55;0
40068366;31.0;34.54;1070.74;1070.74;0
40010667;44.6;44.79;1997.63;1997.63;0
40070036;46.5;44.79;2082.74;2082.74;0
40069627;69.9;44.79;3130.82;3130.82;0
40068646;22.3;29.99;668.78;668.78;0
40020613;32.5;34.54;1122.55;1122.55;0
40036876;32.2;34.54;1112.19;1112.19;0
40020497;79.0;34.54;2728.66;2728.66;0
40010504;47.6;44.79;2132.0;2132.0;0
40069604;68.7;44.79;3077.07;3077.07;0
40069694;52.1;44.79;2333.56;2333.56;0
40068383;30.8;34.54;1063.83;1063.83;0
40068206;42.3;34.54;1461.04;1461.04;0
40069929;57.9;34.54;1999.87;1999.87;0
40010563;59.6;44.79;2669.48;2669.48;0
40069967;57.6;34.54;1989.5;1989.5;0
40020536;58.1;34.54;2006.77;2006.77;0
40036893;44.8;44.79;2006.59;2006.59;0
40069406;48.3;44.79;2163.36;2163.36;0
40069698;68.7;44.79;3077.07;3077.07;0
40069741;37.3;44.79;1670.67;1670.67;0
40069683;37.1;44.79;1661.71;1661.71;0
40069843;48.6;34.54;1678.64;1678.64;0
40010487;68.2;44.79;3054.68;3054.68;0
40068195;42.9;34.54;1481.77;1481.77;0
40068699;58.4;34.54;2017.14;2017.14;0
40068947;40.6;34.54;1402.32;1402.32;0
40068993;46.6;34.54;1609.56;1609.56;0
40069999;45.1;44.79;2020.03;2020.03;0
40068586;30.6;34.54;1056.92;1056.92;0
40068959;51.0;34.54;1761.54;1761.54;0
40069562;67.7;44.79;3032.28;3032.28;0
40069797;32.3;34.54;1115.64;1115.64;0
40068658;36.9;29.99;1106.63;1106.63;0
40069986;61.9;44.79;2772.5;2772.5;0
40023369;56.9;34.54;1965.33;1965.33;0
40069148;32.7;34.54;1129.46;1129.46;0
40070058;59.7;44.79;2673.96;2673.96;0
40013300;68.3;34.54;2359.08;2359.08;0
40069440;61.2;44.79;2741.15;2741.15;0
40069474;35.4;44.79;1585.57;1585.57;0
40068268;59.9;44.79;2682.92;2682.92;0
40069687;69.4;44.79;3108.43;3108.43;0
40010502;44.0;44.79;1970.76;1970.76;0
40069609;37.5;44.79;1679.63;1679.63;0
40068280;46.0;44.79;2060.34;2060.34;0
40068711;61.8;34.54;2134.57;2134.57;0
40068708;61.6;34.54;2127.66;2127.66;0
40068367;30.9;34.54;1067.29;1067.29;0
40068123;81.0;30.86;2499.66;2499.66;0
40010490;44.3;44.79;1984.2;1984.2;0
40070583;60.6;44.79;2714.27;2714.27;0
40069136;57.4;34.54;1982.6;1982.6;0
40010688;59.4;44.79;2660.53;2660.53;0
40068549;30.3;34.54;1046.56;1046.56;0
40068572;30.5;34.54;1053.47;1053.47;0
40036829;35.1;29.99;1052.65;1052.65;0
40068392;30.7;34.54;1060.38;1060.38;0
40069566;84.9;44.79;3802.67;3802.67;0
40069488;61.2;44.79;2741.15;2741.15;0
40069922;32.2;34.54;1112.19;1112.19;0
40069891;48.1;34.54;1661.37;1661.37;0
40023379;49.0;34.54;1692.46;1692.46;0
40010655;59.8;44.79;2678.44;2678.44;0
40069428;48.5;44.79;2172.32;2172.32;0
40069555;51.1;44.79;2288.77;2288.77;0
40010553;47.1;44.79;2109.61;2109.61;0
40023390;56.7;34.54;1958.42;1958.42;0
40010503;68.5;44.79;3068.12;3068.12;0
40020551;74.4;34.54;2569.78;2569.78;0
40068638;36.5;29.99;1094.64;1094.64;0
40068727;44.4;34.54;1533.58;1533.58;0
40067819;36.8;30.86;1135.65;1135.65;0
40069417;61.5;44.79;2754.59;2754.59;0
40020588;56.9;34.54;1965.33;1965.33;0
40068372;31.0;34.54;1070.74;1070.74;0
40069993;58.8;44.79;2633.65;2633.65;0
40020638;81.0;34.54;2797.74;2797.74;0
40069570;36.2;44.79;1621.4;1621.4;0
40068283;47.7;44.79;2136.48;2136.48;0
40020637;54.0;34.54;1865.16;1865.16;0
40069804;49.3;34.54;1702.82;1702.82;0
40069146;48.4;34.54;1671.74;1671.74;0
40069425;62.0;44.79;2776.98;2776.98;0
40010644;60.2;44.79;2696.36;2696.36;0
40068566;39.6;34.54;1367.78;1367.78;0
40068767;39.9;34.54;1378.15;1378.15;0
40069657;69.1;44.79;3094.99;3094.99;0
40010661;32.3;44.79;1446.72;1446.72;0
40069819;57.3;34.54;1979.14;1979.14;0
40020508;79.2;34.54;2735.57;2735.57;0
40069855;48.0;34.54;1657.92;1657.92;0
40069626;55.7;44.79;2494.8;2494.8;0
40069770;69.9;44.79;3130.82;3130.82;0
40069697;52.2;44.79;2338.04;2338.04;0
40020575;73.1;34.54;2524.87;2524.87;0
40010586;59.9;44.79;2682.92;2682.92;0
40068357;31.1;34.54;1074.19;1074.19;0
40068201;43.8;34.54;1512.85;1512.85;0
40069039;48.1;34.54;1661.37;1661.37;0
40069079;32.7;34.54;1129.46;1129.46;0
40069213;50.2;34.54;1733.91;1733.91;0
40068273;47.1;44.79;2109.61;2109.61;0
40036872;69.3;44.79;3103.95;3103.95;0
40068769;40.9;34.54;1412.69;1412.69;0
40070585;48.8;44.79;2185.75;2185.75;0
40070559;40.9;33.67;1377.1;1377.1;0
40070060;46.1;44.79;2064.82;2064.82;0
40069802;57.0;34.54;1968.78;1968.78;0
40020604;58.4;34.54;2017.14;2017.14;0
40070038;60.0;44.79;2687.4;2687.4;0
40068336;40.5;34.54;1398.87;1398.87;0
40068637;35.9;29.99;1076.64;1076.64;0
40070558;54.6;33.67;1838.38;1838.38;0
40068793;45.3;34.54;1564.66;1564.66;0
40069151;32.6;34.54;1126.0;1126.0;0
40069134;32.1;34.54;1108.73;1108.73;0
40020586;64.4;34.54;2224.38;2224.38;0
40068700;40.0;34.54;1381.6;1381.6;0
40069546;36.0;44.79;1612.44;1612.44;0
40068343;41.0;34.54;1416.14;1416.14;0
40036885;48.9;34.54;1689.01;1689.01;0
40069652;51.8;44.79;2320.12;2320.12;0
40069670;52.5;44.79;2351.48;2351.48;0
40010508;48.2;44.79;2158.88;2158.88;0
40069000;43.5;34.54;1502.49;1502.49;0
40069049;48.2;34.54;1664.83;1664.83;0
40013290;38.6;34.54;1333.24;1333.24;0
40069001;46.5;34.54;1606.11;1606.11;0
40069584;36.4;44.79;1630.36;1630.36;0
40069658;67.5;44.79;3023.33;3023.33;0
40069676;37.1;44.79;1661.71;1661.71;0
40010617;47.2;44.79;2114.09;2114.09;0
40068313;61.5;44.79;2754.59;2754.59;0
40068557;30.3;34.54;1046.56;1046.56;0
40068945;30.4;34.54;1050.02;1050.02;0
40069893;32.2;34.54;1112.19;1112.19;0
40070458;43.2;34.54;1492.13;1492.13;0
40036776;42.5;34.54;1467.95;1467.95;0
40068277;48.0;44.79;2149.92;2149.92;0
40069615;37.5;44.79;1679.63;1679.63;0
40069864;48.4;34.54;1671.74;1671.74;0
40069910;32.7;34.54;1129.46;1129.46;0
40013283;53.3;34.54;1840.98;1840.98;0
40069077;49.5;34.54;1709.73;1709.73;0
40069210;48.3;34.54;1668.28;1668.28;0
40069883;50.5;34.54;1911.89;1744.27;0
40069886;48.7;34.54;1682.1;1682.1;0
40023380;29.8;34.54;1029.29;1029.29;0
40070519;57.8;34.54;1996.41;1996.41;0
40068712;44.1;34.54;1523.21;1523.21;0
